"Sample","Barcode"
"WT_RT","AACAAAGAGGCATCAG-1"
"WT_RT","AACAAGACAGCCTTCT-1"
"WT_RT","AACAAGAGTGGTAATA-1"
"WT_RT","AACACACCACTGCGAC-1"
"WT_RT","AACAGGGAGAGTGAAG-1"
"WT_RT","AACCAACCACTAACCA-1"
"WT_RT","AACCACAAGCCTATCA-1"
"WT_RT","AACGAAAGTCTCAGAT-1"
"WT_RT","AACGTCAGTCCTTTGC-1"
"WT_RT","AACTTCTCACCTGATA-1"
"WT_RT","AAGACAAAGCGGTAGT-1"
"WT_RT","AAGCATCTCATTGCGA-1"
"WT_RT","AAGTTCGTCTATCGGA-1"
"WT_RT","AATCGTGTCATGGCCG-1"
"WT_RT","AATGACCCAACGACAG-1"
"WT_RT","ACAAAGAGTAGCACGA-1"
"WT_RT","ACAACCAGTGGTTCTA-1"
"WT_RT","ACAAGCTCATGACGTT-1"
"WT_RT","ACACAGTGTATCTCTT-1"
"WT_RT","ACACCAATCCCTATTA-1"
"WT_RT","ACACGCGTCTCGCAGG-1"
"WT_RT","ACAGAAAGTATCAGGG-1"
"WT_RT","ACAGGGAGTGAACCGA-1"
"WT_RT","ACCACAAGTCCACAGC-1"
"WT_RT","ACCCAAAGTTAGAGTA-1"
"WT_RT","ACTATCTTCGACCATA-1"
"WT_RT","ACTATGGAGCGTTACT-1"
"WT_RT","ACTTAGGCACGAGGAT-1"
"WT_RT","AGAGAGCTCTAGCAAC-1"
"WT_RT","AGATAGATCAAAGGAT-1"
"WT_RT","AGATGAAGTCTCGGGT-1"
"WT_RT","AGATGCTGTGACTCTA-1"
"WT_RT","AGATGCTGTGCAGGAT-1"
"WT_RT","AGGAATAGTCAGACGA-1"
"WT_RT","AGGGCCTCACTTGAAC-1"
"WT_RT","AGGTTACAGATAGCAT-1"
"WT_RT","AGTACCAGTATACAGA-1"
"WT_RT","AGTCACAGTTGCCGAC-1"
"WT_RT","AGTGATCTCCGGACTG-1"
"WT_RT","AGTTCGAGTGGAAATT-1"
"WT_RT","ATACCTTTCTGCCCTA-1"
"WT_RT","ATCACAGCACGATAGG-1"
"WT_RT","ATCCACCCATGGGTCC-1"
"WT_RT","ATCCATTAGCAATTCC-1"
"WT_RT","ATCGTAGAGGAAAGGT-1"
"WT_RT","ATGAGGGGTCCAGCCA-1"
"WT_RT","ATGAGGGTCGACCAAT-1"
"WT_RT","ATGATCGCATGTACGT-1"
"WT_RT","ATGGGAGTCATCACAG-1"
"WT_RT","ATTACTCCAAGCGGAT-1"
"WT_RT","ATTCCCGTCCCTCTCC-1"
"WT_RT","ATTCTACTCTCTCGAC-1"
"WT_RT","ATTGGGTGTCGACTGC-1"
"WT_RT","CAAAGAAAGGCCATAG-1"
"WT_RT","CAAGCTAGTGCGCTCA-1"
"WT_RT","CAAGGGATCCACGTGG-1"
"WT_RT","CAATACGCACCGGAAA-1"
"WT_RT","CAATCGACATATACCG-1"
"WT_RT","CACAACAAGCTTTCTT-1"
"WT_RT","CACAGGCTCTCCTGTG-1"
"WT_RT","CACATGACACTTGAGT-1"
"WT_RT","CACCAAATCCACACAA-1"
"WT_RT","CACGTGGAGCGCTGAA-1"
"WT_RT","CACTGGGCAATTCTCT-1"
"WT_RT","CAGATACCAGACCTGC-1"
"WT_RT","CAGATCATCCTCGCAT-1"
"WT_RT","CAGCCAGAGTATGAAC-1"
"WT_RT","CATACAGGTAGAATAC-1"
"WT_RT","CATCGTCCAGTGTGGA-1"
"WT_RT","CATGCCTAGTGCGACA-1"
"WT_RT","CATTGCCAGAGTGACC-1"
"WT_RT","CATTGCCTCCCTTCCC-1"
"WT_RT","CATTTCATCTGAGAAA-1"
"WT_RT","CCAATGATCTAACACG-1"
"WT_RT","CCACACTCATCATGAC-1"
"WT_RT","CCACACTTCTACACAG-1"
"WT_RT","CCACCATTCGCCAACG-1"
"WT_RT","CCATAAGCACAATGAA-1"
"WT_RT","CCCAACTGTCCTCCAT-1"
"WT_RT","CCGGTGAAGCGGGTTA-1"
"WT_RT","CCTCAACTCCAAACCA-1"
"WT_RT","CCTCCAAAGTTGCATC-1"
"WT_RT","CCTCCAATCAATCTTC-1"
"WT_RT","CCTCTCCAGGAACGCT-1"
"WT_RT","CCTGTTGGTCCGACGT-1"
"WT_RT","CCTTTGGCACAAATGA-1"
"WT_RT","CGGAACCAGGAACGTC-1"
"WT_RT","CGGGCATTCATGAAAG-1"
"WT_RT","CGGGTGTGTCAGGTAG-1"
"WT_RT","CGTAAGTAGGAATGTT-1"
"WT_RT","CGTAAGTCAACCTAAC-1"
"WT_RT","CGTAAGTTCGAGATGG-1"
"WT_RT","CGTAGTAGTATAGGAT-1"
"WT_RT","CGTCAAAGTGTTCAGT-1"
"WT_RT","CGTTGGGAGCAGATAT-1"
"WT_RT","CTAACCCGTGATGAAT-1"
"WT_RT","CTAAGTGCAATTGAGA-1"
"WT_RT","CTACATTGTGTAACGG-1"
"WT_RT","CTACCTGAGGTGGCTA-1"
"WT_RT","CTACTATAGACGCATG-1"
"WT_RT","CTAGACAGTGATTAGA-1"
"WT_RT","CTATCCGGTCCCTCAT-1"
"WT_RT","CTCACTGCAATGTGGG-1"
"WT_RT","CTCAGGGTCATTATCC-1"
"WT_RT","CTCCAACTCATGCCCT-1"
"WT_RT","CTCCATGTCAGTGTTG-1"
"WT_RT","CTCGAGGTCCTGTAGA-1"
"WT_RT","CTCTCAGCAGGTATGG-1"
"WT_RT","CTGAGCGGTTCCTTGC-1"
"WT_RT","CTGCCTACAGAACTAA-1"
"WT_RT","CTGTCGTCAAAGTATG-1"
"WT_RT","CTGTCGTCAACTGAAA-1"
"WT_RT","CTTGATTCATTGCCTC-1"
"WT_RT","CTTGATTGTGTAAATG-1"
"WT_RT","GAAATGACAACCAACT-1"
"WT_RT","GAAATGACAGCTACTA-1"
"WT_RT","GAATAGACAATACGAA-1"
"WT_RT","GAATAGATCGGTAACT-1"
"WT_RT","GAGTGTTCAAGTAGTA-1"
"WT_RT","GATCAGTCAACCCGCA-1"
"WT_RT","GATTCGAAGTCACACT-1"
"WT_RT","GCACATATCTCACGAA-1"
"WT_RT","GCAGTTAGTATTGGCT-1"
"WT_RT","GCATCGGTCCAGTGCG-1"
"WT_RT","GCATCTCGTACGTAGG-1"
"WT_RT","GCCAGCATCGAGTGGA-1"
"WT_RT","GCCATTCAGAGATCGC-1"
"WT_RT","GCCATTCGTGCATTTG-1"
"WT_RT","GCCCAGATCCTCTTTC-1"
"WT_RT","GCGGAAAAGACCATAA-1"
"WT_RT","GGAGGATAGATAGCTA-1"
"WT_RT","GGCTTTCCACACCTTC-1"
"WT_RT","GGGACCTAGTCAGAGC-1"
"WT_RT","GGGATCCCAGGAATAT-1"
"WT_RT","GGGCTCACAATCAAGA-1"
"WT_RT","GGGCTCATCTCTCAAT-1"
"WT_RT","GGGTGAAAGAACAAGG-1"
"WT_RT","GGTCACGGTAATACCC-1"
"WT_RT","GGTGTCGAGTGGTTAA-1"
"WT_RT","GGTTCTCGTGACCTGC-1"
"WT_RT","GTAATCGCACATACGT-1"
"WT_RT","GTAATCGCACGCCACA-1"
"WT_RT","GTAATCGCAGTCAGCC-1"
"WT_RT","GTAATCGCATGTTTGG-1"
"WT_RT","GTCACGGAGGGTCTTT-1"
"WT_RT","GTCATTTGTTAGGCCC-1"
"WT_RT","GTCATTTGTTGGTACT-1"
"WT_RT","GTCCCATTCGCTCATC-1"
"WT_RT","GTCTACCGTCCGCAGT-1"
"WT_RT","GTCTGTCCACATACGT-1"
"WT_RT","GTGACGCCACGACGAA-1"
"WT_RT","GTGAGTTCAGCTCATA-1"
"WT_RT","GTTAGACCAATAAGGT-1"
"WT_RT","TAAGTCGAGCTGAAGC-1"
"WT_RT","TACATTCCACATTGTG-1"
"WT_RT","TACGGTACATCATTTC-1"
"WT_RT","TACTTGTGTCGTCTCT-1"
"WT_RT","TATCCTATCCTGGCTT-1"
"WT_RT","TCAAGTGTCGCGCCAA-1"
"WT_RT","TCACACCAGGAGACCT-1"
"WT_RT","TCACATTTCCTGTTGC-1"
"WT_RT","TCACGGGTCCTCGATC-1"
"WT_RT","TCATGTTTCCCTATTA-1"
"WT_RT","TCCATCGCAACACACT-1"
"WT_RT","TCCATGCTCTTCCGTG-1"
"WT_RT","TCCGAAATCATCCTGC-1"
"WT_RT","TCGCAGGGTAGCTTAC-1"
"WT_RT","TCGCAGGGTTGCGGAA-1"
"WT_RT","TCGGGTGCAACCACGC-1"
"WT_RT","TCGGTCTAGTAGTCCT-1"
"WT_RT","TCTACCGAGTGCACCC-1"
"WT_RT","TCTACCGGTTGGAGAC-1"
"WT_RT","TCTATACAGACATACA-1"
"WT_RT","TCTCACGTCTCCAAGA-1"
"WT_RT","TGAATCGGTGCCTTCT-1"
"WT_RT","TGAGCATAGCGAGTCA-1"
"WT_RT","TGAGGAGAGGTTGGTG-1"
"WT_RT","TGAGGTTTCCGCTAGG-1"
"WT_RT","TGCAGGCGTGCACGCT-1"
"WT_RT","TGCGGGTAGGGTACGT-1"
"WT_RT","TGCTTCGTCGCATTGA-1"
"WT_RT","TGGAGAGGTCTCACGG-1"
"WT_RT","TGGGAAGAGCATTGAA-1"
"WT_RT","TGGGAGAAGATGGGCT-1"
"WT_RT","TGTAACGTCACGATCA-1"
"WT_RT","TGTACAGAGATGACCG-1"
"WT_RT","TGTAGACCATTACTCT-1"
"WT_RT","TGTCAGAGTGAATAAC-1"
"WT_RT","TGTTTGTAGGGCCCTT-1"
"WT_RT","TTACGTTCAGCTTTGA-1"
"WT_RT","TTAGGGTGTGGTTTGT-1"
"WT_RT","TTCACGCCACTAGGTT-1"
"WT_RT","TTCAGGAGTTGTAGCT-1"
"WT_RT","TTCTTCCCACAATCTG-1"
"WT_RT","TTGACCCTCTTTCCGG-1"
"WT_RT","TTGCCTGGTGTCTAAC-1"
"WT_RT","TTGCTGCGTGTTCGAT-1"
"WT_RT","TTGTTCAAGTGACCTT-1"
"WT_RT","TTTCACAGTAGCTTTG-1"
"WT_RT","TTTCCTCGTCCGACGT-1"
"WT_RT","TTTGATCTCTGCACCT-1"
"WT_AC","AAAGGATTCCATCTAT-1"
"WT_AC","AAAGGGCGTGAATATG-1"
"WT_AC","AACAGGGCAGTGTGCC-1"
"WT_AC","AACCAACAGGTACTGG-1"
"WT_AC","AACCAACTCAGAACCT-1"
"WT_AC","AACCACAAGTATGGCG-1"
"WT_AC","AACCCAACAGTGCGCT-1"
"WT_AC","AACCCAATCTGCGATA-1"
"WT_AC","AAGCATCCAGCAGTAG-1"
"WT_AC","AAGCATCTCGCCTTTG-1"
"WT_AC","AAGGTAACAAGCTGCC-1"
"WT_AC","AAGTCGTTCAAGCCTA-1"
"WT_AC","AATGGAAAGATAGTCA-1"
"WT_AC","AATGGAACATAGAAAC-1"
"WT_AC","ACCCTCATCCCTCTTT-1"
"WT_AC","ACCCTTGTCTATCCAT-1"
"WT_AC","ACCGTTCAGGTTCACT-1"
"WT_AC","ACCGTTCTCTAGCCAA-1"
"WT_AC","ACCTGAAGTGTCCACG-1"
"WT_AC","ACTACGATCCTCACTG-1"
"WT_AC","ACTGCAATCCACACAA-1"
"WT_AC","ACTTTCAGTGTGTGGA-1"
"WT_AC","AGAAATGGTTGGGAAC-1"
"WT_AC","AGAACAAGTCTTACTT-1"
"WT_AC","AGACAAAAGCCGTTAT-1"
"WT_AC","AGACAAACAGCTCTGG-1"
"WT_AC","AGATCCAAGGGAGAAT-1"
"WT_AC","AGCATCAGTGTTGATC-1"
"WT_AC","AGCCAGCCATCTGGGC-1"
"WT_AC","AGCGATTTCTGCTCTG-1"
"WT_AC","AGCTCAAAGTGCCAGA-1"
"WT_AC","AGGATAACAATGGGTG-1"
"WT_AC","AGGATCTAGACAGCTG-1"
"WT_AC","AGGTAGGTCGCAAGAG-1"
"WT_AC","AGGTCTACATTGAGCT-1"
"WT_AC","AGGTGTTAGAGCCTGA-1"
"WT_AC","AGTAGCTTCGGTGCAC-1"
"WT_AC","AGTCTCCAGAATTGCA-1"
"WT_AC","AGTCTCCTCGAGCTGC-1"
"WT_AC","AGTTCCCGTCCGGCAT-1"
"WT_AC","ATACTTCTCCATAGGT-1"
"WT_AC","ATAGACCCACTTACAG-1"
"WT_AC","ATAGAGATCTACTGCC-1"
"WT_AC","ATAGGCTGTTGGGATG-1"
"WT_AC","ATATCCTCATCACCAA-1"
"WT_AC","ATATCCTTCCTGTAAG-1"
"WT_AC","ATCAGGTGTACTCGCG-1"
"WT_AC","ATCCGTCCAAACAGGC-1"
"WT_AC","ATGAGGGCAAAGGCGT-1"
"WT_AC","ATGAGTCGTTCTCGTC-1"
"WT_AC","ATGGAGGAGGAGCTGT-1"
"WT_AC","ATGGGAGCAGTATGAA-1"
"WT_AC","ATGGTTGGTAGATTAG-1"
"WT_AC","ATTATCCCATTATGCG-1"
"WT_AC","ATTATCCTCTCGGTCT-1"
"WT_AC","ATTCACTCAGTCTGGC-1"
"WT_AC","ATTCTTGTCAAGAGGC-1"
"WT_AC","ATTTCTGTCTGCGGAC-1"
"WT_AC","CAACAACTCAGCATTG-1"
"WT_AC","CAACCTCTCATTGCCC-1"
"WT_AC","CAAGCTAGTACCCAGC-1"
"WT_AC","CACGGGTCAAGCGCTC-1"
"WT_AC","CACGTTCGTGACACAG-1"
"WT_AC","CACTAAGGTAAGTAGT-1"
"WT_AC","CACTAAGGTCACTTCC-1"
"WT_AC","CACTGTCCATGGGAAC-1"
"WT_AC","CAGCAATGTTTACGTG-1"
"WT_AC","CAGGGCTGTTCGGCTG-1"
"WT_AC","CAGTTCCGTGGTTTAC-1"
"WT_AC","CATACCCCAGCAGATG-1"
"WT_AC","CATCAAGAGGATACCG-1"
"WT_AC","CATCAAGCATCGTTCC-1"
"WT_AC","CATCAAGTCGTGCATA-1"
"WT_AC","CATCCGTCAACAGTGG-1"
"WT_AC","CATGAGTCAGGAAGTC-1"
"WT_AC","CATGCCTAGCAATAAC-1"
"WT_AC","CATGCCTAGTCCTACA-1"
"WT_AC","CATGCCTCAGCATTGT-1"
"WT_AC","CATGGATTCTTAGTTC-1"
"WT_AC","CATGGTACAAGGTACG-1"
"WT_AC","CATTGCCAGTAGACCG-1"
"WT_AC","CCACACTGTACGTACT-1"
"WT_AC","CCCTGATAGAGCAGAA-1"
"WT_AC","CCGATGGGTACGGCAA-1"
"WT_AC","CCGGACAAGCGAGAAA-1"
"WT_AC","CCGGTAGGTATGCAAA-1"
"WT_AC","CCGGTAGGTATTGCCA-1"
"WT_AC","CCGGTGAGTCGCTGCA-1"
"WT_AC","CCGTTCAGTTTACTGG-1"
"WT_AC","CCTCACACAGAGAAAG-1"
"WT_AC","CCTCTAGAGACGCAGT-1"
"WT_AC","CCTCTCCAGAAATTGC-1"
"WT_AC","CCTGCATAGATTACCC-1"
"WT_AC","CGAGAAGGTTCGATTG-1"
"WT_AC","CGAGGAATCGGAGATG-1"
"WT_AC","CGATCGGCACGTAGAG-1"
"WT_AC","CGATCGGGTGGTCTAT-1"
"WT_AC","CGATGGCTCCTTCTGG-1"
"WT_AC","CGCATAACAAGGATGC-1"
"WT_AC","CGCATGGCAACGGCTC-1"
"WT_AC","CGCCATTCATACCGTA-1"
"WT_AC","CGCGTGAGTAGACGGT-1"
"WT_AC","CGTCAAAAGCACTCTA-1"
"WT_AC","CGTGATACAACCGTGC-1"
"WT_AC","CGTGCTTCATATCTCT-1"
"WT_AC","CGTGCTTTCTCGTGGG-1"
"WT_AC","CGTTAGATCCGACGGT-1"
"WT_AC","CTACAGACAACTGCTA-1"
"WT_AC","CTACAGATCTCGCTCA-1"
"WT_AC","CTACCCACATTCTTCA-1"
"WT_AC","CTACCTGTCGGCATCG-1"
"WT_AC","CTCCTCCTCTTCCTAA-1"
"WT_AC","CTCTCGATCTCGGTAA-1"
"WT_AC","CTGAGCGCAGCTTCCT-1"
"WT_AC","CTGCAGGGTCTCGGGT-1"
"WT_AC","CTGTAGACAAGTGCAG-1"
"WT_AC","CTGTATTTCTCACCCA-1"
"WT_AC","CTTCGGTTCTGTGCGG-1"
"WT_AC","GAAACCTTCTAGGAAA-1"
"WT_AC","GAAGAATCAGCTGTGC-1"
"WT_AC","GAAGGGTAGTCACGAG-1"
"WT_AC","GACACGCAGATCGGTG-1"
"WT_AC","GACCCTTCATGTGGCC-1"
"WT_AC","GACCTTCGTCACTAGT-1"
"WT_AC","GACTATGCAGATCACT-1"
"WT_AC","GACTCTCAGAAGCTGC-1"
"WT_AC","GAGACTTAGTTGTCGT-1"
"WT_AC","GAGGGATAGGCACCAA-1"
"WT_AC","GAGTCTAGTCCCTAAA-1"
"WT_AC","GAGTGAGTCGGTCACG-1"
"WT_AC","GATGAGGGTGAGTTGG-1"
"WT_AC","GATGTTGTCTCTGGTC-1"
"WT_AC","GCACTAACACCGCTAG-1"
"WT_AC","GCAGCCATCTTCCTAA-1"
"WT_AC","GCATTAGCATGTTCGA-1"
"WT_AC","GCCAACGTCCACTAGA-1"
"WT_AC","GCCAGGTCATCCGTTC-1"
"WT_AC","GCCCAGACAGTCGCTG-1"
"WT_AC","GCGGAAAAGAGTCCGA-1"
"WT_AC","GCGGAAAAGGAATTAC-1"
"WT_AC","GCGTTTCTCTTCCCGA-1"
"WT_AC","GCTGGGTAGGTTGGAC-1"
"WT_AC","GCTGGGTTCCGCTGTT-1"
"WT_AC","GCTTCACCAGTGGCTC-1"
"WT_AC","GGAATGGTCTATTCGT-1"
"WT_AC","GGGATCCAGCTTCGTA-1"
"WT_AC","GGGCCATCACTACACA-1"
"WT_AC","GGTAATCTCCATACTT-1"
"WT_AC","GGTGGCTTCCTAAACG-1"
"WT_AC","GGTGTCGCAACAGCTT-1"
"WT_AC","GGTGTCGCACACCAGC-1"
"WT_AC","GGTGTCGCAGAGACTG-1"
"WT_AC","GTAACCACACGGGTAA-1"
"WT_AC","GTAAGTCTCCGTAATG-1"
"WT_AC","GTAGCTAGTGACTCTA-1"
"WT_AC","GTAGGTTGTTACGCCG-1"
"WT_AC","GTCAAGTCAGCATACT-1"
"WT_AC","GTCACGGAGTGAGCCA-1"
"WT_AC","GTCCACTAGAGCAACC-1"
"WT_AC","GTCCTCAGTTACACAC-1"
"WT_AC","GTCGTAAGTTTCGTGA-1"
"WT_AC","GTCGTAATCTCTATGT-1"
"WT_AC","GTGCACGAGAGATGCC-1"
"WT_AC","GTGGTTAAGAACGCGT-1"
"WT_AC","GTGTCCTGTAAGATCA-1"
"WT_AC","GTGTGGCCAGTTACCA-1"
"WT_AC","GTGTTCCCAACGACAG-1"
"WT_AC","GTGTTCCGTATCAGGG-1"
"WT_AC","GTTACGAAGGGATCAC-1"
"WT_AC","GTTCATTGTGATGTAA-1"
"WT_AC","GTTCCGTCACGCTTAA-1"
"WT_AC","GTTGAACAGGTATAGT-1"
"WT_AC","GTTGCTCTCATTACTC-1"
"WT_AC","GTTGTAGCACGGCGTT-1"
"WT_AC","GTTGTCCCACCTCTGT-1"
"WT_AC","GTTTACTGTGAACGGT-1"
"WT_AC","GTTTGGAAGCGCCTTG-1"
"WT_AC","TAACACGCATTACGGT-1"
"WT_AC","TAAGCCACACGAAAGC-1"
"WT_AC","TAAGCCATCTTACACT-1"
"WT_AC","TAAGCGTTCTGTAAGC-1"
"WT_AC","TACAACGAGTCACTGT-1"
"WT_AC","TACACCCTCTCCTGTG-1"
"WT_AC","TACCGGGAGAGGTGCT-1"
"WT_AC","TACCGGGTCCATGCAA-1"
"WT_AC","TACCTGCCAAGACTGG-1"
"WT_AC","TACGCTCGTGGATCGA-1"
"WT_AC","TACGCTCGTTACACAC-1"
"WT_AC","TACGGGCAGACTCATC-1"
"WT_AC","TACGGGCAGTCATCGT-1"
"WT_AC","TAGAGTCCACAGCGCT-1"
"WT_AC","TAGATCGAGAGAGCAA-1"
"WT_AC","TAGCACATCAACCCGG-1"
"WT_AC","TAGGTTGCAGCATGCC-1"
"WT_AC","TATACCTCAATTCTCT-1"
"WT_AC","TATACCTGTATTTCTC-1"
"WT_AC","TATACCTTCTGCGGGT-1"
"WT_AC","TATCCTATCCAACACA-1"
"WT_AC","TATCGCCCAGGTGAGT-1"
"WT_AC","TATTTCGCATAGGCGA-1"
"WT_AC","TCAAGCACACACTTAG-1"
"WT_AC","TCAATTCGTCGTAATC-1"
"WT_AC","TCACGGGGTTCGGCTG-1"
"WT_AC","TCAGCCTAGTGCCGAA-1"
"WT_AC","TCAGTTTAGGTGAGCT-1"
"WT_AC","TCATACTGTCTACGAT-1"
"WT_AC","TCATCCGGTTATGTGC-1"
"WT_AC","TCATTTGCAGAGTAAT-1"
"WT_AC","TCCACGTTCAGACATC-1"
"WT_AC","TCCATCGCACCGTCTT-1"
"WT_AC","TCCCACATCACTACGA-1"
"WT_AC","TCCTAATCAGCTTCCT-1"
"WT_AC","TCCTCCCCAACCGTGC-1"
"WT_AC","TCCTCTTCAAGCAGGT-1"
"WT_AC","TCCTGCATCTGTCGCT-1"
"WT_AC","TCGACCTTCTAATTCC-1"
"WT_AC","TCGCACTGTGTTGATC-1"
"WT_AC","TCGCAGGTCCTTCTGG-1"
"WT_AC","TCGGGCACAGCGTGCT-1"
"WT_AC","TCGGGTGAGCCTCAGC-1"
"WT_AC","TCGTAGACAGGACGAT-1"
"WT_AC","TCTACCGAGCCATCCG-1"
"WT_AC","TCTGCCAGTGGATCGA-1"
"WT_AC","TCTTTGAGTACAGCGA-1"
"WT_AC","TGAATCGTCTCATAGG-1"
"WT_AC","TGAATGCCATCTGTTT-1"
"WT_AC","TGAGCATAGGCGTTAG-1"
"WT_AC","TGAGGAGCAATCGCAT-1"
"WT_AC","TGAGGGACAACACGTT-1"
"WT_AC","TGAGTCAAGTAGTCAA-1"
"WT_AC","TGCAGTAAGCATGAAT-1"
"WT_AC","TGCTCGTCAAGGCCTC-1"
"WT_AC","TGCTGAACACACGGTC-1"
"WT_AC","TGGAGAGGTGAGACGT-1"
"WT_AC","TGGAGGAGTTACCTTT-1"
"WT_AC","TGGATCAGTCCACACG-1"
"WT_AC","TGGGCTGGTGACCGTC-1"
"WT_AC","TGTTCCGCAGGCTTGC-1"
"WT_AC","TGTTCCGGTCTTCATT-1"
"WT_AC","TTACAGGCAACACACT-1"
"WT_AC","TTACAGGTCCAATGCA-1"
"WT_AC","TTACGCCCAGTAACAA-1"
"WT_AC","TTCAGGAAGCCGATCC-1"
"WT_AC","TTCCTAAAGGACACTG-1"
"WT_AC","TTCCTCTAGTTTCAGC-1"
"WT_AC","TTCGATTTCGACGATT-1"
"WT_AC","TTCTTCCCAACTTGGT-1"
"WT_AC","TTGCGTCCACTTTAGG-1"
"WT_AC","TTGGGATGTCGGTACC-1"
"WT_AC","TTGTGGACATCCGAGC-1"
"WT_AC","TTGTGGACATTGTCGA-1"
"WT_AC","TTGTTGTTCTCGGTAA-1"
"WT_AC","TTGTTTGGTTAAACAG-1"
"WT_AC","TTTACTGAGCTCGCAC-1"
"WT_AC","TTTCCTCAGAATTGCA-1"
"WT_AC","TTTGTTGCAGGTGTGA-1"
"WT_CC","AAAGGGCTCTCATTGT-1"
"WT_CC","AACAAGACAGTAACGG-1"
"WT_CC","AACCCAACAAATGATG-1"
"WT_CC","AACCTTTGTTGCGAAG-1"
"WT_CC","AAGGAATAGATGTTGA-1"
"WT_CC","AAGGTAAAGGAAGTAG-1"
"WT_CC","AAGTCGTAGTGCTACT-1"
"WT_CC","AATCGTGAGAGGTATT-1"
"WT_CC","AATTCCTAGGTTCTAC-1"
"WT_CC","AATTTCCCATAAGCGG-1"
"WT_CC","ACACCAAGTGTATTCG-1"
"WT_CC","ACAGAAATCGCGTGAC-1"
"WT_CC","ACATCGAGTGGGCTTC-1"
"WT_CC","ACATGCAGTTAACAGA-1"
"WT_CC","ACGTAGTCATGTACGT-1"
"WT_CC","ACTATCTCAGGGATAC-1"
"WT_CC","ACTCTCGTCTGAGCAT-1"
"WT_CC","AGAACCTAGTGTTCAC-1"
"WT_CC","AGACACTAGACGCCCT-1"
"WT_CC","AGACACTTCAAGATAG-1"
"WT_CC","AGACAGGGTAATACCC-1"
"WT_CC","AGACTCACAGGCGAAT-1"
"WT_CC","AGAGAATTCTACTGCC-1"
"WT_CC","AGAGAGCGTTCTAACG-1"
"WT_CC","AGAGAGCTCGGAACTT-1"
"WT_CC","AGATAGAGTCAAATCC-1"
"WT_CC","AGATAGAGTTCCCAAA-1"
"WT_CC","AGCGTCGCAATAGTCC-1"
"WT_CC","AGCTTCCTCCTCACTG-1"
"WT_CC","AGGCATTTCTAGAGCT-1"
"WT_CC","AGGCTGCAGGAATGTT-1"
"WT_CC","AGTAACCAGATAACAC-1"
"WT_CC","AGTAACCTCTAACACG-1"
"WT_CC","AGTACCAAGGGTGAAA-1"
"WT_CC","AGTCAACAGCGCCATC-1"
"WT_CC","AGTGATCAGCTCGAAG-1"
"WT_CC","AGTGTTGGTGCTTCAA-1"
"WT_CC","ATCCGTCAGACATGCG-1"
"WT_CC","ATCTTCACATTCATCT-1"
"WT_CC","ATGAGGGAGCAACTCT-1"
"WT_CC","ATGCATGGTTCTCACC-1"
"WT_CC","ATGCGATTCAGTCCGG-1"
"WT_CC","ATGTCCCTCGCTAAAC-1"
"WT_CC","ATGTCTTCAATGAAAC-1"
"WT_CC","ATTACCTTCACACCCT-1"
"WT_CC","ATTCGTTCAAACACCT-1"
"WT_CC","ATTCTTGCACCAGGTC-1"
"WT_CC","ATTGGGTAGTGAGGCT-1"
"WT_CC","CAAAGAATCTGGCTGG-1"
"WT_CC","CAAGACTCAGGGAATC-1"
"WT_CC","CAAGCTACACCCTAAA-1"
"WT_CC","CAATACGAGTATAACG-1"
"WT_CC","CAATACGCATGACCCG-1"
"WT_CC","CAATGACAGGAGCTGT-1"
"WT_CC","CACAGATTCATGCCAA-1"
"WT_CC","CAGCGTGGTGCAGTGA-1"
"WT_CC","CAGGTATGTCGGTACC-1"
"WT_CC","CAGTGCGCAGCACAGA-1"
"WT_CC","CATAGACGTGTCCCTT-1"
"WT_CC","CATCCACAGTGTAGAT-1"
"WT_CC","CATGCGGGTTGCGAAG-1"
"WT_CC","CATGCTCAGCTTAGTC-1"
"WT_CC","CATTGAGCAATTGAGA-1"
"WT_CC","CCACAAACACCTCTAC-1"
"WT_CC","CCACCATAGCAATTCC-1"
"WT_CC","CCACGTTTCGCTCTAC-1"
"WT_CC","CCATAAGTCTTGCAAG-1"
"WT_CC","CCCATTGGTCCTTGTC-1"
"WT_CC","CCCGAAGTCTGAGATC-1"
"WT_CC","CCGATGGTCAAAGACA-1"
"WT_CC","CCGCAAGCATACATCG-1"
"WT_CC","CCGTAGGTCTCTTGCG-1"
"WT_CC","CCTACGTCATCATTTC-1"
"WT_CC","CCTCAACAGCCTCGTG-1"
"WT_CC","CCTCCTCAGTGGTGAC-1"
"WT_CC","CCTGCATCATCCGGCA-1"
"WT_CC","CCTTGTGTCAAGGAGC-1"
"WT_CC","CGAGAAGGTCGGAAAC-1"
"WT_CC","CGAGTTAGTCGAATGG-1"
"WT_CC","CGATGCGAGACTTCCA-1"
"WT_CC","CGCCAGACAACCGCTG-1"
"WT_CC","CGCGTGACAAAGCTAA-1"
"WT_CC","CGGAGAAAGTTGCTCA-1"
"WT_CC","CGGCAGTTCGAAACAA-1"
"WT_CC","CGGGCATCAGAGAGGG-1"
"WT_CC","CGTGAATAGTTTGCTG-1"
"WT_CC","CGTGCTTCACTGGATT-1"
"WT_CC","CTAACCCTCGCCTTGT-1"
"WT_CC","CTAAGTGCACGACCTG-1"
"WT_CC","CTACAGATCCGACATA-1"
"WT_CC","CTATCTATCCAAGGGA-1"
"WT_CC","CTCAAGACACCAGCGT-1"
"WT_CC","CTCAGGGAGTCACTGT-1"
"WT_CC","CTCCAACCAAATTAGG-1"
"WT_CC","CTCCCTCGTAACACGG-1"
"WT_CC","CTCCGATTCAGCTCTC-1"
"WT_CC","CTGCGAGAGCATGCAG-1"
"WT_CC","CTGGTCTTCCGCAACG-1"
"WT_CC","CTGTACCGTTGCTCGG-1"
"WT_CC","CTGTAGATCCGGTAAT-1"
"WT_CC","CTGTCGTCAAGTGACG-1"
"WT_CC","CTTAGGACAGGTATGG-1"
"WT_CC","CTTAGGAGTATCATGC-1"
"WT_CC","CTTCCGAAGGTTAAAC-1"
"WT_CC","GAAGAATAGCACCTGC-1"
"WT_CC","GAAGCGAGTTCAGCTA-1"
"WT_CC","GACCAATTCAGACCCG-1"
"WT_CC","GACCCTTTCTCCACTG-1"
"WT_CC","GACTCTCAGCAGGCAT-1"
"WT_CC","GAGAGGTCAGCACCCA-1"
"WT_CC","GAGCCTGAGCGTATAA-1"
"WT_CC","GAGCTGCCAGAGGACT-1"
"WT_CC","GAGGCCTCAACTCCCT-1"
"WT_CC","GAGGGTACACATAACC-1"
"WT_CC","GATAGCTAGCTTCATG-1"
"WT_CC","GATGTTGGTCGCTCGA-1"
"WT_CC","GCAGCCAAGCGAGGAG-1"
"WT_CC","GCAGGCTCACTCACTC-1"
"WT_CC","GCAGGCTTCATGCGGC-1"
"WT_CC","GCATCTCTCCACGGGT-1"
"WT_CC","GCCATTCAGTTCCGTA-1"
"WT_CC","GCCCGAAGTAGGTAGC-1"
"WT_CC","GCGGAAAAGTTTGCTG-1"
"WT_CC","GCTACCTAGCTGAGCA-1"
"WT_CC","GCTACCTTCGCTGCGA-1"
"WT_CC","GCTCAAAGTTCGGTTA-1"
"WT_CC","GCTTCACGTACCGCGT-1"
"WT_CC","GGAGGTAAGGTAAAGG-1"
"WT_CC","GGGACCTTCATGAGTC-1"
"WT_CC","GGGCCATAGCTAGAGC-1"
"WT_CC","GGGCTCACATGTTACG-1"
"WT_CC","GGGTGAATCTGCATAG-1"
"WT_CC","GGTAACTAGTCATGAA-1"
"WT_CC","GGTAATCCAGGTCAAG-1"
"WT_CC","GGTGATTGTCGGCACT-1"
"WT_CC","GTAGCTACATCAGCTA-1"
"WT_CC","GTAGGAGTCTCCGATC-1"
"WT_CC","GTATTGGAGAGTGACC-1"
"WT_CC","GTCCACTAGCTAGATA-1"
"WT_CC","GTCGAATAGGGCATGT-1"
"WT_CC","GTCGTTCCATCCCGTT-1"
"WT_CC","GTCTCACGTCTTGCTC-1"
"WT_CC","GTGAGCCTCTGGGCCA-1"
"WT_CC","GTGTAACTCGGTGCAC-1"
"WT_CC","GTGTCCTCAAGGCCTC-1"
"WT_CC","GTGTGGCCAATCTGCA-1"
"WT_CC","GTGTTAGCAGTTGCGC-1"
"WT_CC","GTTACAGCAAGTGGCA-1"
"WT_CC","GTTAGACAGTGTTCAC-1"
"WT_CC","GTTTGGAGTCGTATTG-1"
"WT_CC","TAAGTCGGTTGTCCCT-1"
"WT_CC","TAATTCCAGGAGCTGT-1"
"WT_CC","TACAGGTGTCACCGAC-1"
"WT_CC","TACCCACCATAGGAGC-1"
"WT_CC","TACCCACTCCAGCTCT-1"
"WT_CC","TACTGCCCAACTTGCA-1"
"WT_CC","TATTGGGTCTGGGTCG-1"
"WT_CC","TCAAGCAAGCTGGAGT-1"
"WT_CC","TCACAAGCAAGAATAC-1"
"WT_CC","TCACGCTCAACGGGTA-1"
"WT_CC","TCAGCCTTCAAGTTGC-1"
"WT_CC","TCATATCAGCTAAATG-1"
"WT_CC","TCATCCGCATAGTCAC-1"
"WT_CC","TCATTCAAGTCACACT-1"
"WT_CC","TCATTCAGTTAGTCGT-1"
"WT_CC","TCATTTGCAGCTGTCG-1"
"WT_CC","TCCGTGTCATAGGAGC-1"
"WT_CC","TCCTCTTAGCTGGCTC-1"
"WT_CC","TCGAACATCAGGTGTT-1"
"WT_CC","TCGACGGAGTGTTCCA-1"
"WT_CC","TCGCAGGAGGTTTACC-1"
"WT_CC","TCGGGTGTCATCAGTG-1"
"WT_CC","TCGGTCTGTTCCCAAA-1"
"WT_CC","TCGTGCTAGCACCCAC-1"
"WT_CC","TCTTTGAGTCTCGGGT-1"
"WT_CC","TGACGCGGTTATAGAG-1"
"WT_CC","TGAGGTTTCTGTGTGA-1"
"WT_CC","TGCCGAGGTGCCGAAA-1"
"WT_CC","TGCTGAACAGTAGTTC-1"
"WT_CC","TGCTTGCGTATCCTTT-1"
"WT_CC","TGGGAGAAGAGAGTTT-1"
"WT_CC","TGGTACAAGGGTCTTT-1"
"WT_CC","TGTCCCACAGCTGCCA-1"
"WT_CC","TGTCCTGTCCAAAGGG-1"
"WT_CC","TGTGAGTCAGTAGTGG-1"
"WT_CC","TGTTCATAGTAGGGTC-1"
"WT_CC","TGTTGGATCCATCTGC-1"
"WT_CC","TTACCATGTATGAAAC-1"
"WT_CC","TTAGTCTGTATTCTCT-1"
"WT_CC","TTGACCCAGAGTCAGC-1"
"WT_CC","TTGACCCAGTCGGGAT-1"
"WT_CC","TTGCCTGAGCAAATGT-1"
"WT_CC","TTGTGTTAGTGCGACA-1"
"WT_CC","TTTACCAAGATAGTCA-1"
"WT_CC","TTTCATGAGCCGATCC-1"
"KO_RT","AAAGGATTCAGACCCG-1"
"KO_RT","AAAGTCCGTCCTGTTC-1"
"KO_RT","AAATGGAAGGAGATAG-1"
"KO_RT","AACCAACCAGTAGTTC-1"
"KO_RT","AACCACAAGTGTAGTA-1"
"KO_RT","AACCTGATCACCTCAC-1"
"KO_RT","AACGTCAGTGAATTGA-1"
"KO_RT","AACTTCTAGTCATGGG-1"
"KO_RT","AAGACAAAGAGCAGAA-1"
"KO_RT","AAGCGTTAGCGAGGAG-1"
"KO_RT","AAGGAATAGTCTGGTT-1"
"KO_RT","AAGGAATCAAGAAACT-1"
"KO_RT","AAGGAATCATCGAACT-1"
"KO_RT","AAGGAATGTACTGACT-1"
"KO_RT","AAGTGAAAGCGACTGA-1"
"KO_RT","AAGTGAATCCAGGACC-1"
"KO_RT","AATGGAACAGCACGAA-1"
"KO_RT","ACAAGCTGTTGCATTG-1"
"KO_RT","ACACTGACACGCCAGT-1"
"KO_RT","ACCACAATCACCGCTT-1"
"KO_RT","ACCTGTCCATCCTCAC-1"
"KO_RT","ACGGAAGGTTCGAAGG-1"
"KO_RT","ACGGTCGGTCGAGTGA-1"
"KO_RT","ACGGTTAGTCGATTCA-1"
"KO_RT","ACGTCCTAGCAAGCCA-1"
"KO_RT","ACGTCCTGTGTAAACA-1"
"KO_RT","ACTACGATCTGATTCT-1"
"KO_RT","ACTCCCAAGCCGTAAG-1"
"KO_RT","ACTGATGTCATCCTAT-1"
"KO_RT","ACTTTGTTCAACGAGG-1"
"KO_RT","AGAGAATAGTCATGGG-1"
"KO_RT","AGCATCAGTCTTTCAT-1"
"KO_RT","AGCCACGGTGAGACGT-1"
"KO_RT","AGCCAGCCATGAATCC-1"
"KO_RT","AGCGTATCAGCGTACC-1"
"KO_RT","AGGATAACATCGATCA-1"
"KO_RT","AGGCCACCACGGCACT-1"
"KO_RT","AGGTTACAGAACTTCC-1"
"KO_RT","AGGTTACGTACAACGG-1"
"KO_RT","AGTAACCCAGCACGAA-1"
"KO_RT","AGTCAACCACTGGATT-1"
"KO_RT","ATCAGGTTCTACGGGC-1"
"KO_RT","ATCTCTAGTTACACAC-1"
"KO_RT","ATGGGAGTCCATCTCG-1"
"KO_RT","ATGGGTTGTGATATAG-1"
"KO_RT","ATTACTCTCGCTCTAC-1"
"KO_RT","ATTCAGGCAAAGCTAA-1"
"KO_RT","ATTCCATCAAGAATGT-1"
"KO_RT","CAAAGAAAGTTACGGG-1"
"KO_RT","CAACAGTCAGTTAGGG-1"
"KO_RT","CAACGATAGTGAGGTC-1"
"KO_RT","CAACGGCAGACGCTCC-1"
"KO_RT","CAAGACTCACCTGCTT-1"
"KO_RT","CAATTTCGTGTAACGG-1"
"KO_RT","CACAGGCTCCGTAGGC-1"
"KO_RT","CACGAATTCAGGAAAT-1"
"KO_RT","CACGTGGCAACGACAG-1"
"KO_RT","CACTGGGAGCAGCCCT-1"
"KO_RT","CACTGGGCATGCGGTC-1"
"KO_RT","CACTTCGCATACAGCT-1"
"KO_RT","CAGCGTGTCGTTCGCT-1"
"KO_RT","CATACTTCAATTGCTG-1"
"KO_RT","CATCCACGTCTCAGGC-1"
"KO_RT","CATGCAACATATTCGG-1"
"KO_RT","CATGCCTCAGGCCCTA-1"
"KO_RT","CATGCTCTCCGCCTAT-1"
"KO_RT","CATTCATTCGTACACA-1"
"KO_RT","CATTGAGCAGAGCTAG-1"
"KO_RT","CCCTCAATCGTGGCGT-1"
"KO_RT","CCCTCAATCTTTGCGC-1"
"KO_RT","CCGGTGAAGGGTAATT-1"
"KO_RT","CCTACGTCACGAGAAC-1"
"KO_RT","CCTCTCCAGAGTTGAT-1"
"KO_RT","CGAGAAGAGTATGGAT-1"
"KO_RT","CGAGGAAAGACAGCTG-1"
"KO_RT","CGATCGGCATTGGCAT-1"
"KO_RT","CGCCAGAGTATGAGCG-1"
"KO_RT","CGCCATTCACTAGTAC-1"
"KO_RT","CGCGTGAAGAAAGTCT-1"
"KO_RT","CGTTCTGGTCGCGGTT-1"
"KO_RT","CTACCCATCCCTATTA-1"
"KO_RT","CTACTATTCGAGAATA-1"
"KO_RT","CTAGACAGTGACTATC-1"
"KO_RT","CTATCCGTCTGCTAGA-1"
"KO_RT","CTCAGTCCAGGCTATT-1"
"KO_RT","CTCCTTTGTGAGCGAT-1"
"KO_RT","CTGATCCTCAGACAAA-1"
"KO_RT","CTGCCATTCCCATTTA-1"
"KO_RT","CTGTATTCACAAACGG-1"
"KO_RT","CTTAGGAAGCTAATGA-1"
"KO_RT","CTTCAATCACGATAGG-1"
"KO_RT","CTTGAGAGTACCCGCA-1"
"KO_RT","CTTTCAAAGTTCACTG-1"
"KO_RT","CTTTCGGCAAGGGTCA-1"
"KO_RT","GACATCACATTGCAAC-1"
"KO_RT","GACCCTTAGGTTCATC-1"
"KO_RT","GACCTTCAGTCCCTAA-1"
"KO_RT","GAGTCTAAGTCACTCA-1"
"KO_RT","GATAGCTCACATGGTT-1"
"KO_RT","GATGTTGGTTTGATCG-1"
"KO_RT","GCAACCGCACAGGATG-1"
"KO_RT","GCATCGGGTTTGGAAA-1"
"KO_RT","GCATTAGAGACATCAA-1"
"KO_RT","GCGTGCATCATTCGTT-1"
"KO_RT","GGAACCCTCAGGGATG-1"
"KO_RT","GGCTTTCAGCTGAAAT-1"
"KO_RT","GGGTATTCACGGTGTC-1"
"KO_RT","GGGTGAAAGTGGAATT-1"
"KO_RT","GGTAGAGGTGTTATCG-1"
"KO_RT","GGTCTGGTCTTGTTAC-1"
"KO_RT","GGTGATTCAATTGGTC-1"
"KO_RT","GTAACACAGAGTGAAG-1"
"KO_RT","GTAATCGGTGTTTCTT-1"
"KO_RT","GTAATGCGTTAGGACG-1"
"KO_RT","GTCGAATCAGAACTTC-1"
"KO_RT","GTCGTAATCACCACAA-1"
"KO_RT","GTGCGTGAGGGCCTCT-1"
"KO_RT","GTTAGTGAGCCTCTTC-1"
"KO_RT","GTTATGGCATGACAGG-1"
"KO_RT","GTTCCGTTCCACGTGG-1"
"KO_RT","TAACTTCGTTCGATTG-1"
"KO_RT","TACCCACTCGGCTCTT-1"
"KO_RT","TACCGAAGTAAGGCCA-1"
"KO_RT","TACGCTCCAGATTTCG-1"
"KO_RT","TACTTCAGTAGGAGGG-1"
"KO_RT","TACTTGTTCAACGTGT-1"
"KO_RT","TACTTGTTCATATGGC-1"
"KO_RT","TATCCTAAGGACTAAT-1"
"KO_RT","TCAAGTGCAACAAGAT-1"
"KO_RT","TCAAGTGGTGTCCACG-1"
"KO_RT","TCACAAGTCTCGCCTA-1"
"KO_RT","TCACGGGAGATGACCG-1"
"KO_RT","TCACTATAGATCGCCC-1"
"KO_RT","TCACTCGTCTCCGTGT-1"
"KO_RT","TCAGTCCAGCCGATTT-1"
"KO_RT","TCAGTTTTCAATGTCG-1"
"KO_RT","TCATACTTCCACACAA-1"
"KO_RT","TCATGCCAGAGGCGGA-1"
"KO_RT","TCATTCATCTGCGGGT-1"
"KO_RT","TCCGAAAGTCCGGATC-1"
"KO_RT","TCTATACAGAAATCCA-1"
"KO_RT","TCTCAGCCATCCCACT-1"
"KO_RT","TCTGTCGGTGAAAGTT-1"
"KO_RT","TCTTAGTCACCCAAGC-1"
"KO_RT","TCTTCCTTCTCGGTAA-1"
"KO_RT","TCTTTGAAGTCTTGGT-1"
"KO_RT","TCTTTGATCACTTATC-1"
"KO_RT","TGATTCTAGGTCTGGA-1"
"KO_RT","TGATTCTCAACGACAG-1"
"KO_RT","TGATTCTGTACCTGTA-1"
"KO_RT","TGCAGATGTATACAGA-1"
"KO_RT","TGCAGGCAGAGGCTGT-1"
"KO_RT","TGCATCCAGTCGCTAT-1"
"KO_RT","TGCATCCGTAGAGCTG-1"
"KO_RT","TGCGGGTCATCATTTC-1"
"KO_RT","TGGGATTTCCTATGGA-1"
"KO_RT","TGGGTTAAGCGCAATG-1"
"KO_RT","TGGTAGTCACTAAACC-1"
"KO_RT","TGTAAGCTCGCACGGT-1"
"KO_RT","TGTACAGAGCTCCATA-1"
"KO_RT","TGTTACTCAACATACC-1"
"KO_RT","TTCCAATCAGCTATTG-1"
"KO_RT","TTCCTAAAGTCACTGT-1"
"KO_RT","TTCGCTGAGCTCCCTT-1"
"KO_RT","TTCGGTCCATGATCTG-1"
"KO_RT","TTCTTCCGTTACGGAG-1"
"KO_RT","TTGCTGCAGCCTGTCG-1"
"KO_RT","TTGGTTTAGCCATGCC-1"
"KO_RT","TTGTGTTGTATTGCCA-1"
"KO_RT","TTGTTTGAGTCTGCGC-1"
"KO_RT","TTTACCAAGATGCTTC-1"
"KO_RT","TTTATGCCAGCAAGAC-1"
"KO_RT","TTTCACACATTGCTGA-1"
"KO_RT","TTTGGAGAGCGAATGC-1"
"KO_RT","TTTGGTTCATAAGCAA-1"
"KO_AC","AAACCCAGTCGATTCA-1"
"KO_AC","AAACCCAGTTTCCATT-1"
"KO_AC","AAAGGATGTAGCGTCC-1"
"KO_AC","AAAGGTATCTGCGTCT-1"
"KO_AC","AAATGGAAGTTGTAGA-1"
"KO_AC","AACAAAGCACCAGTAT-1"
"KO_AC","AACAACCAGCTCCACG-1"
"KO_AC","AACAAGACACGAAGAC-1"
"KO_AC","AACCACATCTTTGGAG-1"
"KO_AC","AACTTCTAGCGTTCAT-1"
"KO_AC","AACTTCTCAGTTCCAA-1"
"KO_AC","AAGAACACAAGACCTT-1"
"KO_AC","AAGAACACACTCCACT-1"
"KO_AC","AAGACAACAGTTAAAG-1"
"KO_AC","AAGCATCCACTGCACG-1"
"KO_AC","AAGCATCGTGCTCTCT-1"
"KO_AC","AAGCGAGCAGTCTTCC-1"
"KO_AC","AAGCGAGTCGTGGCGT-1"
"KO_AC","AAGCGTTGTGTATTCG-1"
"KO_AC","AAGGTAAAGCCATTTG-1"
"KO_AC","AAGGTAATCGAGAGAC-1"
"KO_AC","AAGTGAACATTCACCC-1"
"KO_AC","AATGAAGAGCCGGATA-1"
"KO_AC","AATGCCATCATGGATC-1"
"KO_AC","ACAACCAGTATGGGAC-1"
"KO_AC","ACACTGACAGGTGTGA-1"
"KO_AC","ACAGAAAGTTGTCCCT-1"
"KO_AC","ACAGCCGAGGCGTTGA-1"
"KO_AC","ACATCGAGTCCGGTGT-1"
"KO_AC","ACATGCAGTGGTCTTA-1"
"KO_AC","ACCAAACAGCGTATGG-1"
"KO_AC","ACCCAAACACAATGTC-1"
"KO_AC","ACCCTCAAGGGAACAA-1"
"KO_AC","ACCCTCAGTGCATGAG-1"
"KO_AC","ACCCTTGCACACAGCC-1"
"KO_AC","ACCCTTGGTGCAATAA-1"
"KO_AC","ACCGTTCGTCCACGCA-1"
"KO_AC","ACCTGAAAGAAGCCTG-1"
"KO_AC","ACCTGTCCACCCTGAG-1"
"KO_AC","ACGATCATCATGCGGC-1"
"KO_AC","ACGCACGGTATCGCTA-1"
"KO_AC","ACGGAAGAGTCACTAC-1"
"KO_AC","ACGGAAGGTTATAGCC-1"
"KO_AC","ACGGTCGAGCGCAATG-1"
"KO_AC","ACGGTCGCAGGCAATG-1"
"KO_AC","ACGGTTAAGTCAATCC-1"
"KO_AC","ACGGTTATCCATCTAT-1"
"KO_AC","ACGTAACCACCAATTG-1"
"KO_AC","ACGTAACTCGGCTGTG-1"
"KO_AC","ACGTAGTCAAATACGA-1"
"KO_AC","ACGTCCTTCTCGCAGG-1"
"KO_AC","ACTACGAGTTTGGGAG-1"
"KO_AC","ACTATCTTCTAGATCG-1"
"KO_AC","ACTATGGAGGGAGAAT-1"
"KO_AC","ACTCCCAGTGCCCAGT-1"
"KO_AC","ACTGTGATCAGGAAGC-1"
"KO_AC","ACTTAGGAGCCTGCCA-1"
"KO_AC","ACTTCCGAGGACTAAT-1"
"KO_AC","ACTTTGTCATGCACTA-1"
"KO_AC","AGAACCTCAATAGTAG-1"
"KO_AC","AGAACCTGTCCAAAGG-1"
"KO_AC","AGAACCTTCTAGTCAG-1"
"KO_AC","AGAACCTTCTGACGCG-1"
"KO_AC","AGAAGTAAGAATGTTG-1"
"KO_AC","AGAAGTAGTCGATTTG-1"
"KO_AC","AGACAAAAGGATTACA-1"
"KO_AC","AGACACTCAAGACAAT-1"
"KO_AC","AGACACTCAGACAAAT-1"
"KO_AC","AGACAGGTCAGGTAAA-1"
"KO_AC","AGACCATCATAGAAAC-1"
"KO_AC","AGACCCGGTCCCTCAT-1"
"KO_AC","AGACTCACATGCGGTC-1"
"KO_AC","AGACTCATCTGAGTCA-1"
"KO_AC","AGATAGACAATGTCTG-1"
"KO_AC","AGATAGACATATGCGT-1"
"KO_AC","AGATGAACAGAACCGA-1"
"KO_AC","AGATGAATCTGGTGCG-1"
"KO_AC","AGCCAATGTTTCGTTT-1"
"KO_AC","AGCCACGAGTCAGAGC-1"
"KO_AC","AGCCACGCACCGTGAC-1"
"KO_AC","AGCCAGCTCCGACATA-1"
"KO_AC","AGCGATTCAGAGCTAG-1"
"KO_AC","AGCGCCAAGGTGCTAG-1"
"KO_AC","AGCGTATTCTCAACCC-1"
"KO_AC","AGCTACACACAGTGTT-1"
"KO_AC","AGCTCAACAACGACAG-1"
"KO_AC","AGCTTCCTCTGCTAGA-1"
"KO_AC","AGGAATAAGTGATAGT-1"
"KO_AC","AGGATCTTCGCATGAT-1"
"KO_AC","AGGGAGTCATCCAACA-1"
"KO_AC","AGGGAGTGTTTCAGAC-1"
"KO_AC","AGGGCTCTCCACTTTA-1"
"KO_AC","AGGGTCCAGGGCGAAG-1"
"KO_AC","AGGGTCCTCCAGTGTA-1"
"KO_AC","AGGTAGGTCGCTTGCT-1"
"KO_AC","AGGTCATTCCCTGTTG-1"
"KO_AC","AGGTCTATCGATTTCT-1"
"KO_AC","AGGTGTTCACTACACA-1"
"KO_AC","AGGTTACCAGTGTGGA-1"
"KO_AC","AGGTTGTAGACTCAAA-1"
"KO_AC","AGTAACCTCGCGGTAC-1"
"KO_AC","AGTACCACATTCTGTT-1"
"KO_AC","AGTACCATCTAAGCCA-1"
"KO_AC","AGTAGCTGTTTGTTGG-1"
"KO_AC","AGTCAACTCGGCTGTG-1"
"KO_AC","AGTCATGTCTCGTGGG-1"
"KO_AC","AGTGACTAGTCATAGA-1"
"KO_AC","AGTGATCTCGTTGTAG-1"
"KO_AC","AGTTAGCAGGCTAGCA-1"
"KO_AC","AGTTAGCGTAGCTGTT-1"
"KO_AC","AGTTCCCCAACGGCTC-1"
"KO_AC","AGTTCGATCTACGCAA-1"
"KO_AC","ATACTTCAGAGCTGCA-1"
"KO_AC","ATACTTCCAGAACCGA-1"
"KO_AC","ATAGGCTCACGGTGCT-1"
"KO_AC","ATAGGCTCAGATCACT-1"
"KO_AC","ATCAGGTGTGAGCTCC-1"
"KO_AC","ATCCTATGTCATCAGT-1"
"KO_AC","ATCCTATGTGCCTACG-1"
"KO_AC","ATCGGATGTTGGCCGT-1"
"KO_AC","ATCGTCCAGGGTGGGA-1"
"KO_AC","ATCGTGAGTAGACAAT-1"
"KO_AC","ATCGTGATCTCCTGCA-1"
"KO_AC","ATCTCTATCAGACATC-1"
"KO_AC","ATGAGGGAGAAGTCTA-1"
"KO_AC","ATGCCTCTCCTGCTAC-1"
"KO_AC","ATGCGATAGTAAGCAT-1"
"KO_AC","ATGCGATCACAATGTC-1"
"KO_AC","ATGGGAGGTGTCTTAG-1"
"KO_AC","ATGGTTGCAGAAGTTA-1"
"KO_AC","ATTCACTTCTAAGAAG-1"
"KO_AC","ATTCAGGTCACGAACT-1"
"KO_AC","ATTCATCTCGGTGCAC-1"
"KO_AC","ATTCGTTTCGTTAGTG-1"
"KO_AC","ATTTCACCAGGCTATT-1"
"KO_AC","CAACAACAGGGTCAAC-1"
"KO_AC","CAACAACTCGTTGCCT-1"
"KO_AC","CAAGGGACAGATTTCG-1"
"KO_AC","CAATACGCAATGAAAC-1"
"KO_AC","CAATTTCGTGGATGAC-1"
"KO_AC","CACACAACACGACCTG-1"
"KO_AC","CACATGATCTACTGCC-1"
"KO_AC","CACCAAAGTCGGTGAA-1"
"KO_AC","CACCGTTAGATCCCGC-1"
"KO_AC","CACCGTTTCAGGAGAC-1"
"KO_AC","CACGGGTTCTACAGGT-1"
"KO_AC","CACGTTCAGGTCCGAA-1"
"KO_AC","CACTGAATCTTAGGAC-1"
"KO_AC","CAGAGCCTCTGTCCGT-1"
"KO_AC","CAGCAGCTCACTGGGC-1"
"KO_AC","CAGCCAGTCGTTCATT-1"
"KO_AC","CAGCCAGTCTCTAGGA-1"
"KO_AC","CAGCGTGGTACTCGTA-1"
"KO_AC","CAGCGTGGTAGACGGT-1"
"KO_AC","CAGCGTGGTGTGTTTG-1"
"KO_AC","CAGGCCATCTCGACGG-1"
"KO_AC","CAGGGCTTCTTTCTAG-1"
"KO_AC","CAGTGCGCAGACGGAT-1"
"KO_AC","CATAAGCGTCTAACTG-1"
"KO_AC","CATACAGTCGGCCTTT-1"
"KO_AC","CATCAAGTCTTCCAGC-1"
"KO_AC","CATCGCTTCACCCATC-1"
"KO_AC","CATGAGTAGGAATGTT-1"
"KO_AC","CATGAGTCATGCCATA-1"
"KO_AC","CATGCAATCAGTGCGC-1"
"KO_AC","CATGGATCATAGTCGT-1"
"KO_AC","CATTCATTCGTCGGGT-1"
"KO_AC","CATTGCCTCATACGGT-1"
"KO_AC","CATTTCACATCCGGTG-1"
"KO_AC","CCACCATAGCCTGCCA-1"
"KO_AC","CCACGAGCATCGAAGG-1"
"KO_AC","CCATCACCAGGACATG-1"
"KO_AC","CCCATTGCACAATGCT-1"
"KO_AC","CCCGAAGTCAGGGTAG-1"
"KO_AC","CCCGAAGTCGTGGACC-1"
"KO_AC","CCCTCTCCAGTGCCTG-1"
"KO_AC","CCCTGATAGAGCATTA-1"
"KO_AC","CCGAACGGTGACCGTC-1"
"KO_AC","CCGGGTACAGGCTCTG-1"
"KO_AC","CCGTAGGAGTAGGTTA-1"
"KO_AC","CCGTGAGAGACATGCG-1"
"KO_AC","CCGTGAGAGAGGCGGA-1"
"KO_AC","CCGTGAGAGCAACAAT-1"
"KO_AC","CCGTTCAAGTTCCATG-1"
"KO_AC","CCTCAGTTCATCACTT-1"
"KO_AC","CCTCCAATCCGTTTCG-1"
"KO_AC","CCTCCTCCACAGTATC-1"
"KO_AC","CCTCCTCTCCATAAGC-1"
"KO_AC","CCTCTAGGTGAGGAAA-1"
"KO_AC","CCTGTTGTCAGTCACA-1"
"KO_AC","CCTGTTGTCTCGACGG-1"
"KO_AC","CCTTCAGCAATAGTGA-1"
"KO_AC","CCTTGTGTCTTCCACG-1"
"KO_AC","CCTTTGGCAATTTCCT-1"
"KO_AC","CCTTTGGTCTCGACGG-1"
"KO_AC","CGAAGTTGTCCACACG-1"
"KO_AC","CGACAGCCACGACGAA-1"
"KO_AC","CGAGAAGAGCACGGAT-1"
"KO_AC","CGAGGCTAGACCAGCA-1"
"KO_AC","CGAGGCTTCTTGCAGA-1"
"KO_AC","CGAGTTACATGGGAAC-1"
"KO_AC","CGAGTTAGTAGATCCT-1"
"KO_AC","CGATGGCCACGATAGG-1"
"KO_AC","CGCCATTGTTGGGTAG-1"
"KO_AC","CGGAACCAGTAAGGGA-1"
"KO_AC","CGGAACCGTGTCATGT-1"
"KO_AC","CGGAATTCATCCGGCA-1"
"KO_AC","CGGAATTTCGCTACAA-1"
"KO_AC","CGGACACTCGACACCG-1"
"KO_AC","CGGGACTAGTCGAAGC-1"
"KO_AC","CGGGTGTTCCTGGGTG-1"
"KO_AC","CGTAAGTCATCCGTTC-1"
"KO_AC","CGTAATGCATGGAATA-1"
"KO_AC","CGTGATACAAACTCTG-1"
"KO_AC","CGTGCTTTCTTGGATG-1"
"KO_AC","CGTTAGAAGTAGCCAG-1"
"KO_AC","CGTTGGGCAAGGGTCA-1"
"KO_AC","CGTTGGGTCATTACGG-1"
"KO_AC","CTACCTGCAAGATTGA-1"
"KO_AC","CTACCTGTCTGACCCT-1"
"KO_AC","CTACGGGCAGGCCCTA-1"
"KO_AC","CTACTATCACTTGGCG-1"
"KO_AC","CTACTATTCAAATAGG-1"
"KO_AC","CTAGACAGTGGAATGC-1"
"KO_AC","CTATCCGCACTGTGAT-1"
"KO_AC","CTCAACCTCCGGACTG-1"
"KO_AC","CTCAAGAAGAGATGCC-1"
"KO_AC","CTCAAGACATTGCCTC-1"
"KO_AC","CTCACTGCAGACGATG-1"
"KO_AC","CTCAGGGCATATCTGG-1"
"KO_AC","CTCAGGGCATGAATCC-1"
"KO_AC","CTCAGTCAGGTACCTT-1"
"KO_AC","CTCATCGTCAAATGCC-1"
"KO_AC","CTCATGCAGCGACTTT-1"
"KO_AC","CTCATGCTCTCCATAT-1"
"KO_AC","CTCCAACAGAACGCGT-1"
"KO_AC","CTCCAACCAGCTGTAT-1"
"KO_AC","CTCCACAAGACCTTTG-1"
"KO_AC","CTCCACACACTTCCTG-1"
"KO_AC","CTCCATGCATGTGACT-1"
"KO_AC","CTCCCAAAGTGGTGAC-1"
"KO_AC","CTCCGATAGCAGCAGT-1"
"KO_AC","CTCCGATCACCCGTAG-1"
"KO_AC","CTCCTTTTCGCGTTTC-1"
"KO_AC","CTCTCAGAGTCTTCGA-1"
"KO_AC","CTCTGGTTCCTCAGAA-1"
"KO_AC","CTGAATGCACCCATAA-1"
"KO_AC","CTGAGGCAGGCATCGA-1"
"KO_AC","CTGATCCCACCGGAAA-1"
"KO_AC","CTGCATCCATCGCCTT-1"
"KO_AC","CTGCTCACAGAGGCAT-1"
"KO_AC","CTGGTCTTCTCTGGTC-1"
"KO_AC","CTGTAGAAGCCTATTG-1"
"KO_AC","CTGTCGTTCCGCAGTG-1"
"KO_AC","CTTAGGATCATGCTAG-1"
"KO_AC","CTTCAATCAGAGGCTA-1"
"KO_AC","CTTTCGGAGTCCTGCG-1"
"KO_AC","CTTTCGGCATGTGTCA-1"
"KO_AC","CTTTCGGGTTCAGTAC-1"
"KO_AC","GAAATGAGTATTGACC-1"
"KO_AC","GAAGAATCACTTGAAC-1"
"KO_AC","GAAGCCCTCCTTCTTC-1"
"KO_AC","GACATCATCGCGGTAC-1"
"KO_AC","GACCAATTCTCTGACC-1"
"KO_AC","GACCCTTCAGCATTGT-1"
"KO_AC","GACCTTCAGTCCTACA-1"
"KO_AC","GACCTTCGTAGCTTAC-1"
"KO_AC","GACGCTGAGATGGCAC-1"
"KO_AC","GACGTTACATTGTAGC-1"
"KO_AC","GACTGATAGCGTTGTT-1"
"KO_AC","GACTTCCCATCCGTTC-1"
"KO_AC","GACTTCCGTAACCCGC-1"
"KO_AC","GAGACCCGTATGGAAT-1"
"KO_AC","GAGAGGTAGCGTACAG-1"
"KO_AC","GAGAGGTAGGCTTAAA-1"
"KO_AC","GAGGCAAGTAGAGTTA-1"
"KO_AC","GAGTGAGCAGGCTATT-1"
"KO_AC","GATAGAAAGGGAGTTC-1"
"KO_AC","GATAGAATCGACGCGT-1"
"KO_AC","GATAGCTGTTAATGAG-1"
"KO_AC","GATAGCTTCCTGGGAC-1"
"KO_AC","GATAGCTTCTGGTGCG-1"
"KO_AC","GATCATGCATATCTCT-1"
"KO_AC","GATCCCTGTTCCGCTT-1"
"KO_AC","GATCGTAGTCTCGACG-1"
"KO_AC","GATGACTTCGTGGACC-1"
"KO_AC","GATGAGGAGATTGACA-1"
"KO_AC","GATGGAGAGACGTCCC-1"
"KO_AC","GATGTTGTCTAACGCA-1"
"KO_AC","GATTCTTCATGCAGCC-1"
"KO_AC","GCACGGTAGGCTATCT-1"
"KO_AC","GCACTAAGTCTGTGGC-1"
"KO_AC","GCAGCTGAGCGAGGAG-1"
"KO_AC","GCAGCTGTCTGTCTCG-1"
"KO_AC","GCAGTTAAGACTGGGT-1"
"KO_AC","GCCAGGTCAGAACATA-1"
"KO_AC","GCCTGTTAGGCTAACG-1"
"KO_AC","GCCTGTTCAATCACGT-1"
"KO_AC","GCGAGAAAGAGCATTA-1"
"KO_AC","GCGAGAAAGGGTTTCT-1"
"KO_AC","GCGAGAATCCCGTTCA-1"
"KO_AC","GCGGATCGTGAATTAG-1"
"KO_AC","GCGGATCTCCTTGGAA-1"
"KO_AC","GCGTGCACACAACGCC-1"
"KO_AC","GCGTTTCGTGGCTAGA-1"
"KO_AC","GCTGAATGTCTGTTAG-1"
"KO_AC","GCTTGGGAGGTTTACC-1"
"KO_AC","GGAGATGCACTAACCA-1"
"KO_AC","GGAGATGCAGCGACCT-1"
"KO_AC","GGAGATGTCGCTACAA-1"
"KO_AC","GGAGGTAGTACCGTGC-1"
"KO_AC","GGATCTAAGCACTAAA-1"
"KO_AC","GGATGTTAGGGCCTCT-1"
"KO_AC","GGGAAGTAGCTCTGTA-1"
"KO_AC","GGGACAAGTCTCGCGA-1"
"KO_AC","GGGAGATCAGGTGAGT-1"
"KO_AC","GGGAGATTCTAAGGAA-1"
"KO_AC","GGGATCCAGGTTAAAC-1"
"KO_AC","GGGATCCGTGCCTGCA-1"
"KO_AC","GGGCCATGTTCAAAGA-1"
"KO_AC","GGGCTCAAGCGCCTCA-1"
"KO_AC","GGGTAGACATACTGTG-1"
"KO_AC","GGGTAGAGTATCGAAA-1"
"KO_AC","GGGTAGAGTGTGATGG-1"
"KO_AC","GGGTCACAGGGTCAAC-1"
"KO_AC","GGGTGAAAGTCTGCGC-1"
"KO_AC","GGTAACTAGTCCTGCG-1"
"KO_AC","GGTAACTCAGGTGAGT-1"
"KO_AC","GGTAATCCAGAGGAAA-1"
"KO_AC","GGTCACGGTCGGTACC-1"
"KO_AC","GGTGAAGCACAATCTG-1"
"KO_AC","GTAACCAAGGTCGTCC-1"
"KO_AC","GTAAGTCTCCCTGTTG-1"
"KO_AC","GTAATGCCAGTAGATA-1"
"KO_AC","GTAATGCTCAACTCTT-1"
"KO_AC","GTAGAGGTCCTAACAG-1"
"KO_AC","GTAGAGGTCTAGCCTC-1"
"KO_AC","GTAGATCTCACTTGTT-1"
"KO_AC","GTAGATCTCAGCTGTA-1"
"KO_AC","GTAGATCTCCATAGGT-1"
"KO_AC","GTAGGTTAGTGGTGGT-1"
"KO_AC","GTAGTACCAGTTTCGA-1"
"KO_AC","GTATTGGAGAGGCTGT-1"
"KO_AC","GTCACGGGTGGAACAC-1"
"KO_AC","GTCACTCAGATCCAAA-1"
"KO_AC","GTCACTCTCGACCACG-1"
"KO_AC","GTCCACTGTGAGCAGT-1"
"KO_AC","GTCCCATCAGCGGTTC-1"
"KO_AC","GTCGTAATCATTTCGT-1"
"KO_AC","GTCGTTCAGTGCTCAT-1"
"KO_AC","GTCGTTCCAGACCAGA-1"
"KO_AC","GTCGTTCTCTTTACAC-1"
"KO_AC","GTCTAGAGTCCCTGAG-1"
"KO_AC","GTGAGCCAGATAACAC-1"
"KO_AC","GTGAGTTCACACGGTC-1"
"KO_AC","GTGCACGTCTCCTGAC-1"
"KO_AC","GTGGAAGCAGCTATAC-1"
"KO_AC","GTGGAAGTCGAAACAA-1"
"KO_AC","GTGTGATGTAGGATAT-1"
"KO_AC","GTGTGGCCAGACCAGA-1"
"KO_AC","GTTACAGCAGGCCTGT-1"
"KO_AC","GTTACGAAGATCCCAT-1"
"KO_AC","GTTAGTGGTATTCTCT-1"
"KO_AC","GTTCATTGTCTGCAAT-1"
"KO_AC","GTTCGCTCACTCCTGT-1"
"KO_AC","GTTCTATTCTAAACGC-1"
"KO_AC","GTTGAACAGTTCAACC-1"
"KO_AC","GTTGCGGTCAGCTTCC-1"
"KO_AC","GTTGTAGGTCTAGGCC-1"
"KO_AC","GTTGTCCCAGTCAGAG-1"
"KO_AC","GTTGTCCGTACCCAGC-1"
"KO_AC","GTTGTGAGTGAGACCA-1"
"KO_AC","GTTTACTGTCTACACA-1"
"KO_AC","GTTTACTTCGCTGTCT-1"
"KO_AC","TAACACGTCTTGGTGA-1"
"KO_AC","TAACCAGAGCCTCAAT-1"
"KO_AC","TAACCAGGTAGCGAGT-1"
"KO_AC","TAACGACCACAACCGC-1"
"KO_AC","TAACTTCAGCGACTAG-1"
"KO_AC","TAATTCCAGACATAAC-1"
"KO_AC","TACAGGTTCGACACTA-1"
"KO_AC","TACATTCAGGTCACCC-1"
"KO_AC","TACCGGGGTGCATCTA-1"
"KO_AC","TACGGTACAAGCGCAA-1"
"KO_AC","TACGGTATCATCGCAA-1"
"KO_AC","TACGTCCGTGTGTCGC-1"
"KO_AC","TACTGCCTCGCTGTCT-1"
"KO_AC","TACTTACCAATCTCGA-1"
"KO_AC","TACTTACTCGATGGAG-1"
"KO_AC","TAGAGTCGTTCCAGGC-1"
"KO_AC","TAGATCGAGAGTAACT-1"
"KO_AC","TAGGAGGTCGTCGCTT-1"
"KO_AC","TAGGTACGTAAGCGGT-1"
"KO_AC","TAGGTTGTCGTGGCGT-1"
"KO_AC","TAGGTTGTCTCATGGA-1"
"KO_AC","TAGTGCACAGAGACTG-1"
"KO_AC","TATACCTAGATGGTAT-1"
"KO_AC","TATCAGGTCAGGCGAA-1"
"KO_AC","TATCCTAAGTCCGCGT-1"
"KO_AC","TATTCCACAAATCAAG-1"
"KO_AC","TATTTCGGTCATATGC-1"
"KO_AC","TCAAGCAAGCGACTTT-1"
"KO_AC","TCAAGTGCACGTAACT-1"
"KO_AC","TCACAAGTCATTGCGA-1"
"KO_AC","TCACACCAGCCGTAAG-1"
"KO_AC","TCACACCCACATCCCT-1"
"KO_AC","TCACGCTTCCCTCATG-1"
"KO_AC","TCAGCAAAGTGCCAGA-1"
"KO_AC","TCAGCAATCACTGGTA-1"
"KO_AC","TCATACTGTTATGTCG-1"
"KO_AC","TCATGAGTCTTCGTAT-1"
"KO_AC","TCATTTGAGTGGATTA-1"
"KO_AC","TCATTTGTCAGCTTCC-1"
"KO_AC","TCCACGTAGGAACGCT-1"
"KO_AC","TCCACGTGTTTGGGTT-1"
"KO_AC","TCCAGAACAGCGACCT-1"
"KO_AC","TCCATCGCACCCAAGC-1"
"KO_AC","TCCCATGCAAACACGG-1"
"KO_AC","TCCCATGGTGTAAATG-1"
"KO_AC","TCCGAAACAGGACAGT-1"
"KO_AC","TCCGAAATCGGCTGGT-1"
"KO_AC","TCCGATCCACTCTCGT-1"
"KO_AC","TCCGATCTCCGTTTCG-1"
"KO_AC","TCCGGGACATTCCTCG-1"
"KO_AC","TCCGTGTCACACGCCA-1"
"KO_AC","TCCGTGTGTCCAAGAG-1"
"KO_AC","TCCTAATAGCGCCGTT-1"
"KO_AC","TCCTCTTCAGCCGTCA-1"
"KO_AC","TCCTGCACAGCGAGTA-1"
"KO_AC","TCGAAGTCATCAGCTA-1"
"KO_AC","TCGAAGTTCGTAACAC-1"
"KO_AC","TCGACGGCAACTTCTT-1"
"KO_AC","TCGACGGGTTCGGTTA-1"
"KO_AC","TCGATTTAGAAGGCTC-1"
"KO_AC","TCGCACTCACCTCTGT-1"
"KO_AC","TCGGGACGTGTTTGCA-1"
"KO_AC","TCGGGACTCGTGGAAG-1"
"KO_AC","TCGGGTGAGGAGTATT-1"
"KO_AC","TCTAACTTCTCTCGAC-1"
"KO_AC","TCTACATCAGCGACCT-1"
"KO_AC","TCTCACGAGCCTCTGG-1"
"KO_AC","TCTCCGATCATATGGC-1"
"KO_AC","TCTCTGGGTTTCGTTT-1"
"KO_AC","TCTCTGGTCGGCTCTT-1"
"KO_AC","TCTGGCTGTCCTGTCT-1"
"KO_AC","TCTTAGTAGGGTAGCT-1"
"KO_AC","TCTTAGTCATAACCCA-1"
"KO_AC","TGAACGTTCCTATGGA-1"
"KO_AC","TGACCCTAGTTACGAA-1"
"KO_AC","TGACCCTGTTACACAC-1"
"KO_AC","TGACGCGGTCCATCTC-1"
"KO_AC","TGACGCGTCGCAGAGA-1"
"KO_AC","TGAGACTCAAATCGGG-1"
"KO_AC","TGAGCATCAAATACGA-1"
"KO_AC","TGAGCATGTGCCTGAC-1"
"KO_AC","TGAGCGCAGCGATGCA-1"
"KO_AC","TGAGCGCAGGTGCTAG-1"
"KO_AC","TGAGGGACACATCCCT-1"
"KO_AC","TGAGGTTAGACTGAGC-1"
"KO_AC","TGAGGTTCATTCGATG-1"
"KO_AC","TGAGGTTGTTATCCAG-1"
"KO_AC","TGATCAGAGGTTCCAT-1"
"KO_AC","TGATGCACATTGACAC-1"
"KO_AC","TGATGGTGTTAGTTCG-1"
"KO_AC","TGATGGTTCCACCTGT-1"
"KO_AC","TGATTTCAGACCTGGA-1"
"KO_AC","TGCGGGTCAGAGAGGG-1"
"KO_AC","TGCGGGTGTTACACTG-1"
"KO_AC","TGCTCGTGTGCCAAGA-1"
"KO_AC","TGGGATTTCGCCTATC-1"
"KO_AC","TGGGCGTCATACGCAT-1"
"KO_AC","TGGGCGTTCGCTACAA-1"
"KO_AC","TGGGCTGAGTTACGAA-1"
"KO_AC","TGGGCTGTCCTAACAG-1"
"KO_AC","TGTCAGACAAACGGCA-1"
"KO_AC","TGTCCCAGTGTGCTTA-1"
"KO_AC","TGTGAGTTCTGATGGT-1"
"KO_AC","TGTGATGTCGCTGCGA-1"
"KO_AC","TGTGTGACACCCATAA-1"
"KO_AC","TGTTCATGTAAGGAGA-1"
"KO_AC","TGTTCATTCTGTCGCT-1"
"KO_AC","TGTTCCGTCTGGTTGA-1"
"KO_AC","TGTTGAGTCCTCTCGA-1"
"KO_AC","TGTTTGTGTCAAGTTC-1"
"KO_AC","TTACAGGCAGTCGCTG-1"
"KO_AC","TTACAGGGTACGGATG-1"
"KO_AC","TTACAGGTCCACTGGG-1"
"KO_AC","TTACCATGTGCGTTTA-1"
"KO_AC","TTACCATTCGGTCAGC-1"
"KO_AC","TTACGTTTCTGTGCGG-1"
"KO_AC","TTATTGCCAAATTGGA-1"
"KO_AC","TTATTGCTCAACGCTA-1"
"KO_AC","TTCAGGAAGCACCAGA-1"
"KO_AC","TTCATGTGTGACGCCT-1"
"KO_AC","TTCATTGAGGTCATTC-1"
"KO_AC","TTCCACGAGTTTAGGA-1"
"KO_AC","TTCCGGTAGAGTACCG-1"
"KO_AC","TTCCGTGAGCTGTGCC-1"
"KO_AC","TTCCGTGCAAGTTTGC-1"
"KO_AC","TTCCGTGTCACACCCT-1"
"KO_AC","TTCCTCTAGGGTGAGG-1"
"KO_AC","TTCCTTCCATGAAGCG-1"
"KO_AC","TTCGCTGCACAATGAA-1"
"KO_AC","TTCTAGTAGGAGGTTC-1"
"KO_AC","TTCTAGTTCGCTACGG-1"
"KO_AC","TTCTGTAAGAATTGTG-1"
"KO_AC","TTCTGTATCTCCTGTG-1"
"KO_AC","TTCTTCCGTCATTCCC-1"
"KO_AC","TTGAGTGGTACCCACG-1"
"KO_AC","TTGATGGAGACGGTCA-1"
"KO_AC","TTGCATTAGCGCCCAT-1"
"KO_AC","TTGCCTGTCGCTATTT-1"
"KO_AC","TTGGATGGTTCGAGCC-1"
"KO_AC","TTGGATGTCACGTCCT-1"
"KO_AC","TTGGTTTAGCGCCTCA-1"
"KO_AC","TTGTGTTCAGAGCTAG-1"
"KO_AC","TTGTGTTGTCCGGTCA-1"
"KO_AC","TTTACGTAGAATCGAT-1"
"KO_AC","TTTACGTCAAAGGCGT-1"
"KO_AC","TTTACGTCAGGACTTT-1"
"KO_AC","TTTACGTGTAGGTTTC-1"
"KO_AC","TTTAGTCAGGCTAACG-1"
"KO_AC","TTTAGTCGTATGCTTG-1"
"KO_AC","TTTCAGTTCAAACTGC-1"
"KO_AC","TTTCATGCACAATGCT-1"
"KO_AC","TTTGATCAGCATGTTC-1"
"KO_AC","TTTGATCCAAATGAAC-1"
"KO_AC","TTTGGTTCATGATAGA-1"
"KO_AC","TTTGTTGCAAGGGCAT-1"
"KO_CC","AAAGGATGTGGAACAC-1"
"KO_CC","AAAGGATTCTGGACCG-1"
"KO_CC","AAAGGTACATATAGCC-1"
"KO_CC","AAAGTGAAGATCACTC-1"
"KO_CC","AAATGGAGTTCCGCAG-1"
"KO_CC","AACAACCCAGTCGCAC-1"
"KO_CC","AACCCAATCCGCAACG-1"
"KO_CC","AACGTCAGTCGATTTG-1"
"KO_CC","AACTTCTCACGGTGCT-1"
"KO_CC","AACTTCTTCTACGGGC-1"
"KO_CC","AAGCGAGCAGACTCTA-1"
"KO_CC","AAGTCGTTCACCATGA-1"
"KO_CC","AAGTTCGAGTGTACCT-1"
"KO_CC","AATCACGGTTTAGACC-1"
"KO_CC","AATGCCAAGGATTCCT-1"
"KO_CC","AATGGCTAGAGAAGGT-1"
"KO_CC","AATTTCCCACACAGCC-1"
"KO_CC","ACAACCAGTGGAGGTT-1"
"KO_CC","ACACAGTCAAATGAGT-1"
"KO_CC","ACACTGACAGTCGGTC-1"
"KO_CC","ACAGAAAAGGTAAACT-1"
"KO_CC","ACAGCCGCACCCAACG-1"
"KO_CC","ACAGGGAAGTGGCCTC-1"
"KO_CC","ACATCCCCACGTAACT-1"
"KO_CC","ACATCGATCAATCCAG-1"
"KO_CC","ACATGCATCATTTGTC-1"
"KO_CC","ACATTTCAGTGTTGAA-1"
"KO_CC","ACATTTCCATGCCGGT-1"
"KO_CC","ACCAAACAGCGCATCC-1"
"KO_CC","ACCACAATCTTTGCTA-1"
"KO_CC","ACCTACCAGAAGCGAA-1"
"KO_CC","ACGTACACAATACCTG-1"
"KO_CC","ACGTTCCTCAACCCGG-1"
"KO_CC","ACTATCTGTCTCTCAC-1"
"KO_CC","ACTGTCCGTTGCTCCT-1"
"KO_CC","ACTTCCGAGAAGCTGC-1"
"KO_CC","ACTTCCGAGCCTATTG-1"
"KO_CC","ACTTCCGGTCGAGTTT-1"
"KO_CC","ACTTCGCCAAATGATG-1"
"KO_CC","ACTTTGTAGCGACATG-1"
"KO_CC","ACTTTGTTCCCTAGGG-1"
"KO_CC","ACTTTGTTCCGCAGTG-1"
"KO_CC","AGAAATGTCCTCATAT-1"
"KO_CC","AGAACCTTCACTTATC-1"
"KO_CC","AGAAGTAGTCACCGAC-1"
"KO_CC","AGAAGTAGTCGCGTCA-1"
"KO_CC","AGACAAAAGAATAACC-1"
"KO_CC","AGACAAATCCTACTGC-1"
"KO_CC","AGACACTGTATCGCGC-1"
"KO_CC","AGACAGGAGACGCCAA-1"
"KO_CC","AGACCCGCAACAGTGG-1"
"KO_CC","AGACTCATCATCCCGT-1"
"KO_CC","AGAGAGCAGACGGATC-1"
"KO_CC","AGATAGATCCTGTTGC-1"
"KO_CC","AGATGAAGTTCCGCGA-1"
"KO_CC","AGCGATTAGCCAGACA-1"
"KO_CC","AGCGCCAAGTTTCTTC-1"
"KO_CC","AGCTCAATCCAGTACA-1"
"KO_CC","AGGAGGTGTTGCCAAT-1"
"KO_CC","AGGCCACCACAACCGC-1"
"KO_CC","AGGGCCTCATACTGAC-1"
"KO_CC","AGGTCATTCGTGAGAG-1"
"KO_CC","AGGTGTTCAGGCCTGT-1"
"KO_CC","AGGTGTTTCACGACTA-1"
"KO_CC","AGGTTACAGGTCCAGA-1"
"KO_CC","AGGTTGTAGTCGAATA-1"
"KO_CC","AGGTTGTTCAAACTGC-1"
"KO_CC","AGTAACCTCTCGCAGG-1"
"KO_CC","AGTCACATCCGTGTAA-1"
"KO_CC","AGTGACTTCTGTACAG-1"
"KO_CC","AGTGCCGAGTATGTAG-1"
"KO_CC","AGTTCGACAAGGAGTC-1"
"KO_CC","AGTTCGAGTGGTCAAG-1"
"KO_CC","ATACCGAAGCATCTTG-1"
"KO_CC","ATACTTCAGTGCCGAA-1"
"KO_CC","ATAGACCGTGACGTCC-1"
"KO_CC","ATAGACCTCGCACGAC-1"
"KO_CC","ATAGGCTTCCTGTAGA-1"
"KO_CC","ATATCCTCACCGTGGT-1"
"KO_CC","ATCAGGTAGGCTCCCA-1"
"KO_CC","ATCAGGTGTGAACGGT-1"
"KO_CC","ATCAGGTGTTTGGAGG-1"
"KO_CC","ATCGGATAGCGTTCCG-1"
"KO_CC","ATGACCACACTAGGTT-1"
"KO_CC","ATGCATGAGTGGACTG-1"
"KO_CC","ATGGAGGGTAACTTCG-1"
"KO_CC","ATGTCTTTCTTTGCTA-1"
"KO_CC","ATTACCTGTAACACCT-1"
"KO_CC","ATTCACTCAGAACATA-1"
"KO_CC","ATTCCTAGTACGAGCA-1"
"KO_CC","CAACGATTCGCAGTGC-1"
"KO_CC","CAAGACTCATCCTGTC-1"
"KO_CC","CACAACACAAACCATC-1"
"KO_CC","CACACAACAGTCTTCC-1"
"KO_CC","CACACAAGTGTATTGC-1"
"KO_CC","CACTGAACAATTGAAG-1"
"KO_CC","CACTGTCTCCCATACC-1"
"KO_CC","CAGGCCACATTGGATC-1"
"KO_CC","CAGTTCCTCCGGACTG-1"
"KO_CC","CATACCCGTCACTTCC-1"
"KO_CC","CATCCACAGTAGCCAG-1"
"KO_CC","CATCCACTCTCTAGGA-1"
"KO_CC","CATCCGTTCTTGGGCG-1"
"KO_CC","CATCGCTGTCGTATGT-1"
"KO_CC","CATCGCTTCTACACTT-1"
"KO_CC","CATGAGTAGGAGAGTA-1"
"KO_CC","CATGCGGCACCGTCGA-1"
"KO_CC","CATGGTAGTGATTCTG-1"
"KO_CC","CCATCACCAATCGTCA-1"
"KO_CC","CCCATTGAGTCTGCAT-1"
"KO_CC","CCCTCAAGTAAGCAAT-1"
"KO_CC","CCCTTAGTCTGAATCG-1"
"KO_CC","CCGATCTGTGTTCCTC-1"
"KO_CC","CCGCAAGGTTCTGACA-1"
"KO_CC","CCTCACAGTGCCTGCA-1"
"KO_CC","CCTCAGTAGTATAGGT-1"
"KO_CC","CCTCCTCTCGGTCGGT-1"
"KO_CC","CCTTCAGCATTCTGTT-1"
"KO_CC","CCTTTGGTCCCGAGTG-1"
"KO_CC","CGAAGTTAGAAGCGAA-1"
"KO_CC","CGACAGCCATGTTCGA-1"
"KO_CC","CGAGGCTCAACAGCCC-1"
"KO_CC","CGAGTGCGTAGTGGCA-1"
"KO_CC","CGAGTGCGTGACGCCT-1"
"KO_CC","CGAGTTACAGGACTTT-1"
"KO_CC","CGATCGGTCTACGCAA-1"
"KO_CC","CGATGCGCACATCCCT-1"
"KO_CC","CGCAGGTAGTAGTCAA-1"
"KO_CC","CGCCAGAAGTGCCCGT-1"
"KO_CC","CGGAGAACACTCAAGT-1"
"KO_CC","CGGGACTGTTCGTAAC-1"
"KO_CC","CGGGCATGTAACTTCG-1"
"KO_CC","CGTAAGTGTGCCGTAC-1"
"KO_CC","CGTAGTAAGGCCACCT-1"
"KO_CC","CGTCAAATCGCTGTTC-1"
"KO_CC","CGTCCATGTTATGGTC-1"
"KO_CC","CTACAGAGTAACGTTC-1"
"KO_CC","CTATAGGCAACTGAAA-1"
"KO_CC","CTCAAGAGTCGAGATG-1"
"KO_CC","CTCACTGCAGCACGAA-1"
"KO_CC","CTCAGGGAGTTACGAA-1"
"KO_CC","CTCAGTCCACGCGTGT-1"
"KO_CC","CTCATGCCATCCTCAC-1"
"KO_CC","CTCCACATCGACACCG-1"
"KO_CC","CTCCCTCTCTTGCGCT-1"
"KO_CC","CTCCTTTTCGCTCTAC-1"
"KO_CC","CTCGAGGGTACAGGTG-1"
"KO_CC","CTCTCAGAGTTGCATC-1"
"KO_CC","CTGATCCCACTTGTGA-1"
"KO_CC","CTGATCCTCGCCGAGT-1"
"KO_CC","CTGCGAGTCCGTCCTA-1"
"KO_CC","CTGTATTTCAGGTGTT-1"
"KO_CC","CTTAGGACAACGCCCA-1"
"KO_CC","CTTCAATCATAAGCGG-1"
"KO_CC","CTTCGGTTCAACTTTC-1"
"KO_CC","CTTCTAACATAAGCGG-1"
"KO_CC","CTTTCAACAGGTTTAC-1"
"KO_CC","GAACGTTAGCATGCAG-1"
"KO_CC","GAACGTTGTCATCACA-1"
"KO_CC","GAAGCGACAGTGAGCA-1"
"KO_CC","GAAGGACTCACAACCA-1"
"KO_CC","GAAGGACTCGCAGTTA-1"
"KO_CC","GAAGGGTAGGCCCACT-1"
"KO_CC","GAATAGACACATACGT-1"
"KO_CC","GAATCACAGTGGCCTC-1"
"KO_CC","GACCCAGAGGCAATGC-1"
"KO_CC","GACCTTCAGTGGCAGT-1"
"KO_CC","GACGCTGTCCAAGCCG-1"
"KO_CC","GAGACCCTCTCATAGG-1"
"KO_CC","GAGAGGTGTTGTAGCT-1"
"KO_CC","GAGGCCTAGACCACGA-1"
"KO_CC","GAGTCTAAGAAGGTAG-1"
"KO_CC","GAGTGTTGTGGCTTAT-1"
"KO_CC","GAGTTTGAGCCTGAGA-1"
"KO_CC","GATAGCTCACAGCGCT-1"
"KO_CC","GATCACAAGATGTAGT-1"
"KO_CC","GATCATGGTTGTGGCC-1"
"KO_CC","GATCCCTCACAAAGCG-1"
"KO_CC","GATCCCTTCAAAGAAC-1"
"KO_CC","GATGACTAGACGCATG-1"
"KO_CC","GATGACTGTAATCAAG-1"
"KO_CC","GATGAGGCAGCTTTGA-1"
"KO_CC","GATGGAGCACCATTCC-1"
"KO_CC","GATGTTGCAGCGTTTA-1"
"KO_CC","GATTCGATCCTACCAC-1"
"KO_CC","GATTTCTTCCTACAAG-1"
"KO_CC","GATTTCTTCTTCTAAC-1"
"KO_CC","GCACGGTAGAATGTTG-1"
"KO_CC","GCACGGTAGCACTCAT-1"
"KO_CC","GCACGGTCACCGGCTA-1"
"KO_CC","GCACGTGCAGAGGTTG-1"
"KO_CC","GCAGCCACACGCGTCA-1"
"KO_CC","GCAGGCTGTAGAGCTG-1"
"KO_CC","GCAGGCTTCTCCCATG-1"
"KO_CC","GCCAGCAAGGTTCAGG-1"
"KO_CC","GCCATGGAGGGAGTTC-1"
"KO_CC","GCGAGAACAAGTACCT-1"
"KO_CC","GCTACCTAGCCTGAAG-1"
"KO_CC","GCTGCAGAGTTAACGA-1"
"KO_CC","GCTTTCGCAGCGACAA-1"
"KO_CC","GGAATCTGTGAACGGT-1"
"KO_CC","GGAGAACGTGGAAATT-1"
"KO_CC","GGAGGTATCGTAGTCA-1"
"KO_CC","GGATCTACATTGACAC-1"
"KO_CC","GGATGTTCAACAAAGT-1"
"KO_CC","GGCAGTCGTCTACACA-1"
"KO_CC","GGCGTCAGTACCCGCA-1"
"KO_CC","GGCTTTCAGATCCCAT-1"
"KO_CC","GGGACCTAGTGAGGCT-1"
"KO_CC","GGGATCCAGAGCACTG-1"
"KO_CC","GGGTGAAGTCGTTTCC-1"
"KO_CC","GGGTTATAGGTTGACG-1"
"KO_CC","GGTAACTAGTGGCGAT-1"
"KO_CC","GGTTCTCCAGGTGAGT-1"
"KO_CC","GGTTCTCTCGCCACTT-1"
"KO_CC","GTAAGTCAGAGATTCA-1"
"KO_CC","GTAATCGCAAAGGGTC-1"
"KO_CC","GTACAGTCAAGCTGTT-1"
"KO_CC","GTAGGTTGTACCCGAC-1"
"KO_CC","GTCAAGTCAATAGTGA-1"
"KO_CC","GTCACTCAGAGCATAT-1"
"KO_CC","GTCATGAGTCAGCGTC-1"
"KO_CC","GTCATTTAGGTCATCT-1"
"KO_CC","GTCCTCAGTTACCTGA-1"
"KO_CC","GTCTACCCAGCGACAA-1"
"KO_CC","GTCTAGAAGTCGAAAT-1"
"KO_CC","GTCTCACAGCTAGTTC-1"
"KO_CC","GTGAGCCCATCATCTT-1"
"KO_CC","GTGGAAGCACGACCTG-1"
"KO_CC","GTGGAAGGTGCCTTTC-1"
"KO_CC","GTGGCGTGTACGTGAG-1"
"KO_CC","GTGTAACTCCCAACTC-1"
"KO_CC","GTGTGATTCACAACCA-1"
"KO_CC","GTGTGATTCATTCTTG-1"
"KO_CC","GTGTTAGTCAATCCGA-1"
"KO_CC","GTTACGACAACAAGAT-1"
"KO_CC","GTTCATTTCGTACACA-1"
"KO_CC","GTTCGCTTCTTCGGTC-1"
"KO_CC","GTTCTATGTAGCGCTC-1"
"KO_CC","GTTCTATTCCACGTAA-1"
"KO_CC","GTTGAACGTAGCACGA-1"
"KO_CC","GTTGAACGTCGCATGC-1"
"KO_CC","GTTGTAGCAACAAAGT-1"
"KO_CC","GTTGTAGGTGACAACG-1"
"KO_CC","GTTGTGACACTACAGT-1"
"KO_CC","GTTTGGAGTTCGAAGG-1"
"KO_CC","TAACACGAGCTTAGTC-1"
"KO_CC","TAAGCGTAGAGGCGGA-1"
"KO_CC","TAAGCGTGTCTTCCGT-1"
"KO_CC","TAAGCGTTCGCAGTCG-1"
"KO_CC","TACAACGCACACCGAC-1"
"KO_CC","TACATTCCATCCGGCA-1"
"KO_CC","TACCCACAGATAACAC-1"
"KO_CC","TACGGTACAACTGTGT-1"
"KO_CC","TACGTCCCATGACGTT-1"
"KO_CC","TACTGCCTCGTCGACG-1"
"KO_CC","TACTGCCTCTTGGTGA-1"
"KO_CC","TACTTCACAAGGCGTA-1"
"KO_CC","TACTTCAGTCTAGGTT-1"
"KO_CC","TACTTGTTCTTCGCTG-1"
"KO_CC","TAGAGTCCACAGCTTA-1"
"KO_CC","TAGAGTCCAGCACGAA-1"
"KO_CC","TAGATCGAGAGACAAG-1"
"KO_CC","TAGGAGGAGTCCTGTA-1"
"KO_CC","TATCTTGTCAAATAGG-1"
"KO_CC","TATTTCGCATAACTCG-1"
"KO_CC","TATTTCGGTAGGTTTC-1"
"KO_CC","TCACGGGTCTAGACCA-1"
"KO_CC","TCACTATCAACAAGTA-1"
"KO_CC","TCAGCCTTCCCATTTA-1"
"KO_CC","TCATGCCGTCTACGTA-1"
"KO_CC","TCATTCACAGTGCGCT-1"
"KO_CC","TCATTCAGTGGATCAG-1"
"KO_CC","TCATTTGAGCAGGCTA-1"
"KO_CC","TCCACCAGTCGGATTT-1"
"KO_CC","TCCACGTGTGGCCTCA-1"
"KO_CC","TCCATCGCAGACCTGC-1"
"KO_CC","TCCATGCTCTGATTCT-1"
"KO_CC","TCCGATCCAGAACTCT-1"
"KO_CC","TCCTAATAGGATGAGA-1"
"KO_CC","TCCTCTTAGACCATAA-1"
"KO_CC","TCCTCTTGTACAGAGC-1"
"KO_CC","TCCTTTCCAATAACCC-1"
"KO_CC","TCGCTTGTCAACTTTC-1"
"KO_CC","TCTACATTCGCCGTGA-1"
"KO_CC","TCTATACCAACGATTC-1"
"KO_CC","TCTGGCTAGTTGTAAG-1"
"KO_CC","TCTTAGTGTTCCGCAG-1"
"KO_CC","TCTTTGAAGACTTCCA-1"
"KO_CC","TGACGCGGTAGACGTG-1"
"KO_CC","TGAGCATTCACATTGG-1"
"KO_CC","TGAGCGCTCGTGAGAG-1"
"KO_CC","TGAGTCAAGCTGTTAC-1"
"KO_CC","TGATGCAAGCGAGGAG-1"
"KO_CC","TGCAGTACAATCTAGC-1"
"KO_CC","TGCATCCTCCCATACC-1"
"KO_CC","TGCGGCATCCGCATAA-1"
"KO_CC","TGCTTCGAGTCCGTCG-1"
"KO_CC","TGCTTGCCATATCTGG-1"
"KO_CC","TGGAACTGTACTGTTG-1"
"KO_CC","TGGATCAAGTCATCGT-1"
"KO_CC","TGGCGTGCATTAAAGG-1"
"KO_CC","TGGGATTCACATATGC-1"
"KO_CC","TGTAACGCAATTCACG-1"
"KO_CC","TGTGAGTTCGGCTGGT-1"
"KO_CC","TGTGATGGTATCGTTG-1"
"KO_CC","TGTGCGGGTACTGAGG-1"
"KO_CC","TGTTACTCAGAGGACT-1"
"KO_CC","TGTTACTGTTTGCCGG-1"
"KO_CC","TGTTCTATCGTAGCTA-1"
"KO_CC","TGTTGAGAGCGGACAT-1"
"KO_CC","TGTTGGACACCGTGCA-1"
"KO_CC","TTACGCCTCGGAACTT-1"
"KO_CC","TTAGTCTCATGAATAG-1"
"KO_CC","TTAGTCTGTGCCTTTC-1"
"KO_CC","TTCCACGGTTATAGAG-1"
"KO_CC","TTCCTAACAACTTGCA-1"
"KO_CC","TTCGCTGGTGAGATAT-1"
"KO_CC","TTCGGTCGTGATGAAT-1"
"KO_CC","TTCTAGTTCGGTATGT-1"
"KO_CC","TTCTTCCCACTACGGC-1"
"KO_CC","TTGAGTGAGTTTCAGC-1"
"KO_CC","TTGCTGCAGAGGTATT-1"
"KO_CC","TTGCTGCAGTGGCCTC-1"
"KO_CC","TTGGATGAGTCATCCA-1"
"KO_CC","TTGGATGCATTGCCGG-1"
"KO_CC","TTGGGATAGGGACCAT-1"
"KO_CC","TTTACGTGTACCTATG-1"
"KO_CC","TTTCAGTTCAAAGGAT-1"
"KO_CC","TTTCCTCGTAAGATAC-1"
"KO_CC","TTTGGTTCAAGTGCAG-1"
